740_Methotrexate_DTP	752_6-Thioguanine_DTP	755_6-Mercaptopurine_DTP	757_Colchicine_DTP	762_Mechlorethamine_DTP	1390_Allopurinol_DTP	3039_Sodium Phenylacetate_DTP	3053_Actinomycin D_DTP	3061_Pyrimethamine_DTP	3088_Chlorambucil_DTP	6396_Thiotepa_DTP	7529_Digitoxin_DTP	8806_Melphalan_DTP	9706_Triethylenemelamine_DTP	9921_Pentamidine_DTP	12198_Dromostanolone Propionate_DTP	13397_Triamcinolone_DTP	14229_Acrichine_DTP	15200_Gallium Nitrate_DTP	19893_Fluorouracil_DTP	19987_Methylprednisolone_DTP	23162_Nandrolone phenpropionate_DTP	23759_Testolactone_DTP	24559_Mithramycin_DTP	25154_Pipobroman_DTP	26271_Cyclophosphamide_DTP	26980_Mitomycin_DTP	27640_Floxuridine_DTP	32065_Hydroxyurea_DTP	32982_Curcumin_DTP	33001_Fluorometholone_DTP	34462_Uracil mustard_DTP	34521_Dexamethasone Decadron_DTP	36405_Chelerythrine_DTP	38721_Dacarbazine_DTP	39661_Idoxuridine_DTP	45388_Dacarbazine_DTP	47438_Fluorometholone Acetate_DTP	49842_Vinblastine_DTP	63878_Cytarabine_DTP	63984_Cordycepin_DTP	67574_Vincristine_DTP	71423_Megestrol acetate_DTP	75520_Trifluridine_DTP	77213_Procarbazine_DTP	77541_Indomethacin_DTP	79037_Lomustine_DTP	82151_Daunorubicin_DTP	83142_Daunorubicin_DTP	85791_Ethacrynic Acid_DTP	85998_Streptozocin_DTP	88536_Calusterone_DTP	89201_Estramustine_DTP	90636_Vinblastine_DTP	92339_Fluocinolone Acetonide_DTP	92859_Arsenic trioxide_DTP	93819_Valproic Acid_DTP	100071_Haloprogin_DTP	102816_Azacitidine_DTP	105014_Cladribine_DTP	107680_Flumethasone Pivalate_DTP	108165_Thiothixene_DTP	109229_Asparaginase_DTP	109724_Ifosfamide_DTP	109874_Benzimate_DTP	118218_2-Fluoro Ara A_DTP	119875_Cisplatin_DTP	122758_Isotretinoin_DTP	122819_Teniposide_DTP	123127_Doxorubicin_DTP	125066_Bleomycin_DTP	125973_Paclitaxel_DTP	127716_5-Aza-2'-deoxycytidine_DTP	129185_Mycophenolic Acid_DTP	134727_Mitomycin_DTP	138783_Bendamustine_DTP	141046_Clofazimine_DTP	141540_Etoposide_DTP	141633_Homoharringtonine_DTP	148958_Tegafur_DTP	157035_Parthenolide_DTP	163039_Ribavirin_DTP	169780_Dexrazoxane_DTP	170984_Pimozide_DTP	174939_Elesclomol_DTP	180973_Tamoxifen_DTP	184849_Mebendazole_DTP	218321_Pentostatin_DTP	221019_Wortmannin_DTP	226080_Rapamycin_DTP	241240_Carboplatin_DTP	246131_Valrubicin_DTP	255109_17-Amino-17-demethoxygeldanamycin;_DTP	256439_Idarubicin_DTP	256942_4'-Epiadriamycin_DTP	257473_Clotrimazole_DTP	266046_Oxaliplatin_DTP	279836_Mitoxantrone_DTP	280594_Triciribine-5'-monophosphate_DTP	281612_BEN_DTP	287459_Cytarabine_DTP	290193_Cyclosporine_DTP	301739_Mitoxantrone_DTP	308847_Amonafide_DTP	312887_2-Fluoro Ara A_DTP	320846_Batracylin_DTP	321521_auranofin_DTP	326231_Buthionine sulphoximine_DTP	330507_17-AAG_DTP	331942_Terconazole_DTP	354258_8-Chloro-adenosine_DTP	354462_Hypothemycin_DTP	365798_Fostamatinib_DTP	366140_Pyrazoloacridine_DTP	369100_Imiquimod_DTP	374551_Fenretinide_DTP	376128_Dolastatin 10_DTP	404241_Vidarabine_DTP	409962_Carmustine_DTP	527017_Amphotericin B_DTP	602670_Zidovudine_DTP	606170_Zalcitabine_DTP	606698_Rapamycin_DTP	"606869_""Adenosine, 2-chloro-2'-deoxy-2'-fluoro-""_DTP"	608210_Vinorelbine_DTP	609699_Topotecan_DTP	613327_Gemcitabine_DTP	615296_haloperidol_DTP	616348_Irinotecan_DTP	628503_Docetaxel_DTP	630176_Depsipeptide_DTP	633781_Lovastatin_DTP	633782_Simvastatin_DTP	637037_O-6-Benzylguanine_DTP	638850_7-Hydroxystaurosporine_DTP	639186_Raltitrexed_DTP	639966_Perifosine_DTP	649890_Alvocidib_DTP	652104_Mifepristone_DTP	656576_Midostaurin_DTP	656889_XK-469_DTP	663249_Triapine_DTP	665970_artemether_DTP	673596_7-Ethyl-10-hydroxycamptothecin_DTP	677083_okadaic acid_DTP	677411_Leflunomide_DTP	679828_PD-98059_DTP	681239_Bortezomib_DTP	683863_Hydroxymethylacylfulvene_DTP	683864_Temsirolimus_DTP	686288_Aminoflavone_DTP	693184_Ritonavir_DTP	694501_BN-2629_DTP	697726_RH1_DTP	697855_Nitazoxanide_DTP	697887_XK-469_DTP	697979_Denileukin Diftitox Ontak_DTP	698037_Pemetrexed_DTP	700363_Annamycin Liposomal_DTP	701554_(R)-Roscovitine_DTP	701852_Vorinostat_DTP	702294_Estramustine_DTP	706363_Arsenic trioxide_DTP	706995_Entinostat_DTP	707389_Eribulin mesilate_DTP	707545_17-DMAG_DTP	708298_7-Tert-butyldimethylsilyl-10-hydroxycamptothecin_DTP	710270_Karenitecin_DTP	710297_PX-316_DTP	710464_AFP464_DTP	712571_artesunate_DTP	713763_Rebimastat_DTP	714597_Imexon_DTP	715055_Gefitinib_DTP	718781_Erlotinib_DTP	719239_E-7820_DTP	719276_Fulvestrant_DTP	719627_Celecoxib_DTP	721075_Loratadine_DTP	721517_Zoledronate_DTP	724998_MNR-2-50_DTP	725776_LMP776_DTP	726630_Belinostat_DTP	727071_Ofloxacin_DTP	727989_Lapatinib_DTP	728073_Irinotecan_DTP	732011_SR16157_DTP	732517_Dasatinib_DTP	733504_Everolimus_DTP	734325_Dimethylaminoparthenolide_DTP	737754_Pazopanib_DTP	741078_Selumetinib_DTP	743414_Imatinib_DTP	745750_Lapatinib_DTP	747167_Nelfinavir_DTP	747599_Nilotinib_DTP	747856_Olaparib_DTP	747973_16-Aza-epothilone B_DTP	747974_Raloxifene_DTP	749226_Abiraterone_DTP	749227_Abiraterone_DTP	750690_Sunitinib_DTP	750691_Afatinib_DTP	752782_Pazopanib_DTP	754143_Depsipeptide_DTP	754230_PNU-74654_DTP	755880_Mitomycin_DTP	755985_Nelarabine_DTP	756645_Crizotinib_DTP	756702_Colchicine_DTP	756717_Daunorubicin_DTP	756738_Digoxin_DTP	757027_Ethinyl estradiol_DTP	757036_Fluorouracil_DTP	757043_gramicidin_DTP	757055_hexachlorophene_DTP	757087_Mechlorethamine_DTP	757098_Melphalan_DTP	757363_Tyrothricin_DTP	757384_Vinblastine_DTP	757441_Axitinib_DTP	757804_Etoposide_DTP	758186_Azacitidine_DTP	758230_Floxuridine_DTP	758252_Carfilzomib_DTP	758612_Bleomycin_DTP	758645_Paclitaxel_DTP	758667_Teniposide_DTP	758682_artenimol_DTP	758706_Simvastatin_DTP	758896_fluvastatin_DTP	758968_miltefosine_DTP	759155_Doxorubicin_DTP	759174_Vincristine_DTP	759178_Pipamperone_DTP	759263_Topotecan_DTP	759274_Arsenic trioxide_DTP	759822_clioquinol_DTP	759850_Docetaxel_DTP	759852_Vorinostat_DTP	759856_Gefitinib_DTP	759877_Dasatinib_DTP	759878_Irinotecan_DTP	760766_Vandetanib_DTP	761431_Vemurafenib_DTP
DU145_NCI60	0.5	0.51	0.54	NA	0.93	0.82	NA	-0.75	-0.22	0.16	0.88	0.47	-0.47	0.66	0.25	-0.9	NA	-1.23	-0.31	0.59	NA	0.23	NA	-0.1	0.19	NA	0.94	0.54	0.36	-1.47	NA	0.25	NA	NA	NA	-0.38	0.09	NA	0.37	0.44	0.27	0.3	-0.61	0.45	NA	-0.7	-0.75	-0.01	0.13	-0.18	NA	-0.38	-0.21	0.92	-0.18	-0.97	-0.32	0.48	0.97	0.16	NA	-1.12	0.08	NA	0.6	0.42	0.45	-0.97	0.37	0.18	-0.32	0.27	NA	-2.24	0.19	-0.03	-1.03	0.4	NA	0.86	NA	1.1	-0.23	-1.04	-0.28	0.19	0.48	NA	0.19	-0.94	-0.34	0.24	0.45	0.49	-0.56	-1.37	NA	0.55	1.25	NA	0.51	NA	0.31	0.08	0.8	0.15	NA	-0.45	0.79	-0.33	0.64	-1.17	NA	NA	-0.05	-1	NA	NA	-1.28	0.3	0.35	NA	-1.11	0.46	0.42	0.84	0.29	-1.69	0.91	NA	0.07	NA	NA	0.05	NA	0.99	-1.05	-0.35	-1.03	0.04	-1.18	0.76	-0.41	0.71	-0.59	-0.68	-0.84	-0.66	1.13	0.52	-0.57	4.78	-0.29	0.76	-0.53	NA	-0.2	-0.63	0.87	0.18	-0.23	-0.98	-1.31	0.44	0.25	0.71	0.71	0.47	-0.57	-0.73	-1.03	-0.15	-0.45	0.22	0.79	-0.68	-0.31	0.18	-0.54	-0.21	0.83	0.77	0.48	-0.17	0.13	0.89	-0.43	0.3	0.09	1	-0.62	-0.95	-0.15	-0.47	-0.71	0.18	0.41	-0.05	-0.62	-1.01	-1.4	-0.04	-0.08	-0.15	0.24	0.4	1.29	-0.17	-0.79	0.41	-0.1	0.94	-0.56	0.78	-0.26	-1.64	0.42	-0.07	-0.49	0.38	-0.44	0.07	0.59	0.56	0.25	-0.34	0.51	0.35	-1.69	-1.19	-1.2	-1.27	-0.05	0.48	-0.29	0.77	-1.04	-0.88	0.49	-0.66	0.19	0.43	0.75	0.36	-0.57
EKVX_NCI60	-1.49	-0.42	-2.41	-2.28	-0.41	-0.57	-1.05	-1.48	0.21	-1.05	-1.01	0.47	-0.69	-1.11	-0.23	0.22	-0.19	-1.76	-0.7	-1.69	NA	3.6	-0.08	-0.07	-0.69	-0.23	-1.41	-2.28	-0.99	-1.51	0.12	-0.99	-0.13	-0.18	-0.6	-0.38	-0.83	-0.59	-1.68	-0.93	-0.11	-1.47	1.36	-0.97	-0.21	-0.7	-1	-1.46	-1.49	0.01	-0.18	1.53	-0.74	-1.89	-0.17	-0.2	-1.27	-1.18	-3.11	-0.25	-0.34	-1.3	0.75	-0.92	-1.44	-0.83	-1.02	NA	-0.67	-1.08	-1.18	-1.2	-0.36	-2.24	-1.95	-0.68	0.43	-0.77	0.04	0.23	-0.36	0.06	-0.13	0	-0.12	-0.94	-0.23	0.18	-0.54	0.92	-0.42	-1.34	-2.14	-1.06	-0.23	0.59	-1.97	-2.21	0.04	0.02	-1.47	-1.37	-0.71	-1.35	-0.47	0.07	-0.98	1.02	-1.27	-0.3	-0.81	-0.79	-0.98	-1.72	0.67	-1.22	-0.33	2.6	-0.72	-0.47	-0.67	-0.2	0.98	-0.24	0.42	-1.52	-0.91	-1.64	-1.03	-1.31	-1.08	-1.04	0.72	-0.08	0.72	-0.8	-0.58	-1.26	-0.16	-0.27	-1.18	-1.44	-0.41	-2.19	-0.29	0.87	1.24	-0.81	0.44	1	-0.14	3.13	-1.33	-2.33	-0.64	-0.42	-0.2	-0.63	-1.01	0.01	-0.72	-0.3	0.12	0.06	-0.51	-0.13	-1.98	-1.02	-0.42	-0.4	-0.2	-0.15	-0.11	2.79	2.02	-0.61	-0.31	-0.07	-0.81	-0.64	-1.16	-1	-0.94	-0.17	2.21	-1	0.62	-0.4	0.83	-0.73	-0.97	-0.02	-0.49	2.53	-0.86	-0.62	1.13	-1.52	-0.5	1.14	0.43	-1.2	2.67	0.33	0.24	-0.47	-1.52	-0.17	-1.24	-1.63	-1.73	0.1	1.87	-1.83	0.32	0.29	-0.93	-1.04	0.18	-0.22	-0.89	-1.63	-2.56	-2.37	-1.28	-1.07	NA	-1.64	0.21	-0.09	-0.91	-0.75	-0.98	-4.03	-0.75	-1.74	-0.75	0.57	NA	-0.63	3.24	-0.56	-1.63	2.09	-0.66
HCC2998_NCI60	0.23	0.22	0.23	0.33	-0.35	0.61	-0.54	-0.35	0.4	-0.62	-0.4	NA	-0.66	-0.45	0.35	-0.49	-0.19	0.33	-0.59	1.74	-0.16	-1.03	-0.07	0.14	-0.32	-0.23	0.02	0.67	-0.12	NA	-0.22	-0.84	NA	-0.19	-0.56	0.21	-0.17	-0.59	0.1	-0.67	0.86	0.26	-0.61	-0.24	-0.21	0.94	-0.64	-0.58	-1.06	-0.02	-0.19	-0.93	0.95	0.89	-0.19	-1.8	0.5	-1.55	0.03	-0.1	-0.34	0.61	-0.25	-0.66	0.58	1.92	-0.69	-0.04	-0.28	-0.39	-0.84	0.43	-0.37	-0.35	0.33	0.58	-0.02	-0.19	0.49	2.85	-0.04	-0.58	-0.63	NA	-0.29	0.84	-1.29	-0.18	0.49	-0.65	-1.02	-0.96	0.52	-0.13	-0.52	-1.13	-0.17	-0.36	-0.93	-0.14	0.02	0.99	-0.65	NA	-0.74	-0.65	-0.72	-0.43	0.19	NA	0.84	-0.61	-0.4	NA	-1.1	-0.29	-0.4	2.74	-0.69	-0.13	-0.67	-0.2	NA	1.18	0.37	-0.83	-1.06	NA	-0.06	0.52	0.42	-0.55	-0.91	-1.06	-0.95	NA	0.18	-1.04	NA	-0.98	-0.65	-0.05	-0.41	-0.29	1.03	-0.87	0.33	0.52	0.65	-0.89	-0.52	-0.35	-0.2	-0.49	-0.94	NA	-0.18	2.25	-0.94	-0.69	-0.68	-1.07	-1.44	-0.18	-0.04	0.48	0.1	0.53	0.6	0.49	-0.16	-0.15	-0.84	-0.7	-1.24	NA	-0.31	0.27	-0.35	-0.88	-0.45	0.84	-0.33	NA	-0.12	-0.22	-0.69	-1.33	-1.29	-0.54	-1.83	1.62	-0.26	-0.66	-0.23	0.86	-0.14	0.63	-0.94	-1.01	-0.86	0.69	-0.23	-3.08	0.24	0.39	-0.09	-0.17	-0.59	0.41	-0.37	-1.35	-1.23	2.46	1.09	0.97	-0.02	-1.42	1.05	0.38	-1.55	-0.28	0.85	0.96	0.59	-1.07	0.38	-0.31	-1.04	-0.88	-0.66	0.37	-0.06	0.48	-0.04	-0.51	-0.8	-0.76	0.49	-0.36	-0.04	-1.2	-0.2	-1.26	-0.37
HCT116_NCI60	0.68	0.59	0.41	0.37	-0.15	-0.01	NA	1.17	0.41	-0.58	-0.37	0.47	-0.42	-0.36	-0.44	1.57	-0.19	1.64	0.48	0.87	-0.16	-0.21	-0.4	0.35	-0.1	-0.23	-0.07	0.62	-0.34	0.94	-0.22	-0.52	-0.22	-0.19	0.2	NA	0.25	-0.59	0.48	1.05	0.79	0.2	1.96	0.69	-0.21	-0.7	-0.07	0.7	0.82	0.09	-0.19	-0.29	0.14	0.92	-0.18	-0.66	-0.25	1.07	1.56	0.35	-0.34	0.58	-0.19	-0.46	0.82	0.25	-0.43	0.14	-0.39	0.43	0.58	0.79	-0.37	0.9	0.26	-0.03	0.85	-0.39	0.85	0.21	1.25	0.86	0.15	-0.53	-0.27	-0.22	0.24	-0.18	-0.76	-1.2	-0.67	0.32	0.6	0.4	0.56	0.36	1.18	0.21	-0.33	-1.28	1.02	-0.51	0.11	0.59	0.27	0.72	-0.7	-0.4	0.53	0.08	1.1	0.49	0.6	1.65	0.57	-0.22	0.17	0.66	-0.06	0.36	2.12	-0.2	-1.03	1.07	0.42	0.25	1	0.96	0.72	0.41	0.53	0.61	0.01	-0.19	-1.06	1	-0.34	1.06	-0.38	0.23	1.42	0.41	-0.41	0.14	0.44	1.12	-0.2	0.82	0.34	-1.1	0	-0.3	0.22	0.67	0.55	0.08	-0.2	1.7	-0.45	1.78	1.06	-0.54	-0.63	1.05	0.51	0.41	0.59	0.47	-0.57	0.12	1.24	-0.15	0.16	-0.45	0.13	2.09	0.86	-2.89	-0.5	0.44	0.4	0.77	1.22	-0.17	-0.42	0.9	0.67	-0.71	-1.23	0.95	0.36	0.35	0.2	-0.7	0.41	0.27	-0.86	1.2	-0.05	0.77	0.46	0.62	0.34	0.25	0.24	0.4	-0.07	-0.17	0.43	0.41	0.96	1.45	0.07	0.63	0.35	1.44	0.22	-0.36	0.23	0.38	-0.16	0.02	1.74	0.49	0.8	1.19	0.68	0.01	1.6	0.51	0.72	-0.05	0.57	0.48	0.29	0.69	-0.51	0.3	0.49	1.4	-0.34	-0.71	0.43	-1.01	-0.43
HCT15_NCI60	0.66	0.09	0.04	-0.17	0.11	1.09	0.01	-1.81	0.76	-0.43	-0.58	-0.02	-0.39	-0.69	-0.57	-0.21	-0.19	-0.47	0.28	0.69	-0.16	-0.66	-0.4	-0.43	-0.31	-0.23	-0.48	-0.39	-0.31	0.85	-0.22	-0.52	-0.22	-1.2	-0.23	-0.38	-0.73	0.31	-1.54	-0.56	0.96	0.18	-0.61	-0.88	-0.21	-0.7	0.47	-1.76	-2.26	0.04	-0.18	-0.15	0.96	-0.61	-0.18	-0.02	0.01	-0.07	0.29	-0.25	-0.34	0.79	-0.33	0.32	1.02	-0.59	-0.88	0.09	-0.77	-1.71	-0.37	-1.64	3.7	0.95	-1.45	-0.68	0.19	-0.6	-1.03	0.08	0.16	1.16	0.24	1.18	-0.04	0.18	0.69	-0.17	-0.55	0.11	-1.02	-0.91	-0.73	0.17	-2.41	0.67	0.8	-0.66	-0.07	-0.79	-0.55	0.13	-0.74	1.24	-0.79	0.12	0.68	-0.31	-0.43	0.5	1.27	-0.12	0.91	0.85	0.57	-0.68	-0.46	-0.19	0.07	-1.46	-0.67	-0.2	-1.03	-0.78	-1.58	-0.97	-0.9	0.81	-0.9	-0.28	-3.3	0.58	0.63	0.63	-1.05	-0.8	0.88	0.27	-0.05	0.24	0.04	-0.21	-0.41	-1.12	-1.19	1.27	-0.84	-0.26	0.02	0.71	-0.6	-0.29	-1.67	0.22	-0.27	-0.42	-0.2	-0.57	0.09	0	-1.16	-0.6	-0.2	-0.95	-1.66	-1.25	-1.2	-1.06	0.24	-0.62	1.69	-0.15	-0.56	-0.24	0.45	-0.16	-0.31	0.23	0.05	-0.92	-0.7	-0.91	-0.83	-0.17	-0.05	-1.46	0.08	-0.21	0.78	-0.39	0.22	-0.77	-0.21	-0.08	1.47	-0.38	-0.86	0.14	1.24	NA	0.46	0.73	-0.43	0.1	-3.7	0.4	-0.51	-0.17	-0.61	-0.32	-2.39	-1.12	-0.02	0.51	-2.1	1.1	-0.06	-0.1	-2.27	-1.89	-0.03	-1.41	-0.37	-0.41	-1.77	-0.67	-1.51	-1.44	1.6	0.1	0.1	0.66	-2.23	-1.27	-1.54	-1.46	-0.33	-0.73	-0.9	-1.58	-0.49	-0.18	-1.36	-0.36	-0.45
HL60_NCI60	0.62	0.13	0.44	0.37	1.9	1.38	NA	-0.04	1.14	1.87	1.95	0.47	2.45	1.81	-0.24	1.45	-0.19	-0.28	-1.16	0.57	-0.16	3.35	1.89	-0.01	2.13	3.01	0.86	0.4	3.3	0.45	-0.22	2.21	-0.22	2.88	-0.35	0.25	1.36	-0.05	0.61	1.09	1.68	0.21	2.83	1.34	-0.17	0.6	1.52	1.23	0.95	-1.14	-0.04	1.33	1.62	0.92	-0.18	0.66	-0.33	0.93	0.39	1.8	-0.34	0.41	1.15	0.76	0.81	2.01	1.73	1.5	1.18	0.58	-0.62	0.56	-0.35	0.06	-0.85	NA	-0.53	1.68	1.22	-0.25	2.34	-0.58	1.16	0.52	-0.35	0.86	0.56	-0.16	NA	-1.05	2.82	0.99	0.3	1.91	1.04	NA	0.51	0.98	0.87	0.14	0.65	1.29	1	0.41	1.44	0.89	3.05	1.93	0.16	-0.35	1.55	1.52	1.8	-0.72	-1.1	1.75	1.36	0.63	2.27	1.39	-0.16	-0.2	-0.7	0.16	0.42	0.68	1.28	NA	0.27	0.46	0.1	-0.16	0.06	0.99	-0.83	0.06	1.43	1.36	-0.49	-0.06	NA	0.38	5.48	0.65	0.82	0.49	1.9	0.15	0.22	-1.03	-0.69	0.24	1.39	1.17	NA	1.26	1.13	1.42	NA	-0.16	0.68	0.06	1.59	0.87	1.05	0.32	0.59	0.41	0.29	0.23	1.62	-0.15	4.34	-0.29	-0.62	-0.66	1.4	0.43	0.35	-0.17	0.16	0.77	0.24	NA	-1.78	NA	-0.54	-1.07	-1.55	2.36	0	1.81	0.23	-0.44	1.73	0.75	-0.86	1.41	1.53	-1.01	-0.11	0.76	-0.37	-0.36	0.24	0.4	1.15	-0.17	0.28	0.41	0.88	1.68	0.59	-1.79	-0.05	0.77	1.37	1.82	0.1	0.38	-0.5	1.5	0.72	-0.36	0.18	-1.07	0.64	1.46	1.4	-0.67	-0.86	0.58	-0.16	0.47	0.49	0.86	1	0.66	0.49	0.97	0.58	-1.22	0.71	-0.28	-0.25
HOP62_NCI60	0.53	0.38	0.62	0.01	-0.46	0.21	1.27	-0.24	-0.22	0.4	0.76	0.47	0.74	0.88	0.09	-0.29	-0.19	-0.49	0.19	0.34	-0.16	-0.36	-0.33	0.24	-0.05	-0.23	1.36	0.62	-0.25	2.39	-0.22	0.45	-0.22	-0.11	NA	-0.38	0.58	-0.59	0.22	1.1	0.31	0.1	NA	0.35	-0.23	0.26	-0.81	0.68	0.87	0.11	-0.18	0.04	-0.42	-0.02	-0.18	-0.6	-1.27	0.16	0.59	0.75	-0.12	-1.42	0.67	-0.53	-0.01	0.03	0.44	0.02	0.64	0.57	1.28	-0.08	-0.37	-1.3	0.91	0.13	-1.72	0.89	0.19	0.48	-0.6	-0.58	0.06	-0.89	-0.34	-2.41	-1.76	-0.16	0.25	0.91	-0.39	0.69	0.45	0.51	0.26	0.17	-1.32	0.95	-0.12	NA	0.82	-0.88	0.83	-0.34	1.06	0.15	-0.89	-0.36	-0.15	-0.32	-1.06	-1.37	-0.32	0.84	0.21	-0.59	-0.26	1.56	-0.66	-0.93	-0.67	-0.2	0.94	0.62	0.19	0.94	0.93	-0.38	1.04	0.46	0.45	-0.44	-0.58	0.49	0.34	1.22	-0.1	0.43	-0.86	0.8	0.02	0.26	-0.41	0.71	0.13	-1.49	0.86	-0.15	0.6	0.74	-0.18	-0.27	-0.65	0.46	0.01	-0.42	-0.2	-0.57	1.53	-0.33	-0.29	-0.81	-0.15	-0.41	-0.38	-0.47	-1.35	0.47	-0.57	-0.47	-0.86	-0.15	-0.89	-0.67	-0.28	-0.77	-0.05	-3.42	-0.93	0.39	0.42	0.77	0.53	-0.17	-1.61	0.99	-0.36	1.13	0.98	-0.72	-0.63	0.81	-0.28	-0.9	-0.96	-0.85	NA	-1.61	-0.68	0.53	0.08	-0.16	-0.7	-0.65	0.24	0.4	0.49	-0.17	-0.22	0.18	0.31	1.13	0.2	0.53	0.77	-0.17	-0.3	-0.48	0.71	0.38	-0.08	0.57	1.19	0.96	0.39	1.09	0.21	0.73	-1.17	-0.83	-0.71	0.05	0.55	0.44	-0.43	0.87	-0.2	-0.1	0.49	-0.37	-0.37	0.78	0.59	-0.65	-0.72
HOP92_NCI60	-1.39	0.46	0.39	0.38	0.99	0.96	0.68	-0.62	-0.61	-0.28	-0.5	-0.45	-0.19	-0.51	-0.75	3.17	-0.19	0.65	0.82	-1.06	-0.16	-0.24	4.81	0.15	-0.79	-0.23	-1.19	0.25	-0.33	NA	-0.22	0.08	-0.22	-0.11	0.23	-0.38	0.55	-0.51	-0.07	0.03	-0.1	0.3	0.96	-1.25	6.28	4.27	0	0.18	1.02	0.37	-0.19	3.23	-1.28	-1.74	-0.18	0.44	-0.2	-1.26	-1.13	0.88	-0.34	0.9	-0.23	-0.08	-1.98	0.14	-0.14	0.3	0.61	0.33	1.28	-1.28	0.03	-0.84	-0.4	0.3	-0.28	0.12	-0.05	-0.68	0.08	-0.58	-0.17	NA	-0.48	0.71	-2.43	-0.18	NA	0.12	-0.34	0.14	0.32	-0.6	-0.33	-0.46	-1	0.25	1.87	-0.6	-0.52	-0.58	0.67	-1.16	1.2	-0.11	0.29	1.15	-1.74	-0.2	-1.17	1.21	0.02	0.81	1.37	0.33	-0.59	-0.31	0.08	NA	-0.67	-0.2	0.98	0.6	-0.48	-0.13	-0.33	-0.82	-0.15	-2.43	-0.09	3.87	4	0.23	1.95	-0.8	0.54	0.42	3.58	0.43	-1.18	0.94	-0.41	0.6	0.15	2.43	-0.63	0.22	-0.04	-0.83	-0.52	-0.27	0.04	0.06	2.79	-0.42	-0.22	-0.63	0.12	-1.3	-1.52	NA	-0.07	0.38	-0.17	-0.17	0.37	-1.35	0.44	-0.97	-0.61	-0.15	0.67	-0.43	0.37	-0.07	-0.31	NA	-0.35	1	0.15	-1.57	0.74	7.14	-0.98	0.76	-0.37	0.6	0.76	0.15	1.08	0.84	0.16	0.61	-0.58	-2.99	1.83	NA	0.54	1.32	0.9	1.37	NA	0.09	NA	NA	-0.94	-0.17	1.02	0.41	0.98	-0.94	-0.34	-1.83	0.65	1.97	0.42	0.37	0.9	0.38	0.07	0.9	-1.22	0.05	-0.23	1.11	-0.46	0.32	0.13	3.24	2.93	0.29	0.86	-1.26	1.2	0.21	1.43	2.58	0.36	1.94	1.65	1.52	0.86	2	-0.04
HS578T_NCI60	-1.87	-1.09	-0.55	NA	-1.4	-1.71	0.61	-0.27	-1.41	-0.97	-1.2	NA	-0.64	-1.11	0.09	-0.37	NA	-1.14	-0.67	-1.3	NA	2.72	NA	0.42	-1.09	NA	-1.04	-0.35	-0.57	NA	NA	-0.95	NA	NA	NA	NA	-0.31	NA	0.45	-1.05	0.49	0.3	0.75	-1.25	NA	-0.7	-1.38	-0.46	-1.23	-0.01	NA	-0.13	-0.03	-0.03	-0.18	0.38	-0.57	-1.39	-0.02	-1.77	NA	0.83	-0.01	NA	-0.18	-0.83	-0.56	0.12	0.12	-0.55	0.21	0.71	NA	-0.09	-1.63	-0.13	NA	0.34	NA	-0.23	NA	-0.58	-0.56	-1.23	0.23	0.1	0.73	NA	NA	0.88	-0.12	-0.89	0.52	-0.58	1.93	-0.94	NA	0.39	0.26	-1	-1.53	NA	-0.29	-2.04	-0.5	0.42	NA	-0.39	-0.89	-0.06	-1.43	-0.88	NA	NA	0.08	0.51	NA	NA	-0.22	1.51	-0.53	NA	0.94	-0.75	0.42	-2.19	-1.39	0.16	-1.53	NA	0.27	NA	NA	0.94	1.98	-0.8	-0.7	0.24	-0.14	0.7	0.11	-1.69	-0.41	-2.97	0.81	-0.64	-0.46	0.17	0.03	1.01	-0.65	-0.4	-1.04	-2.12	-0.09	0.51	-0.2	-0.63	NA	NA	-0.82	0.37	0.22	-0.92	-0.03	-2.71	-1.67	-4.46	-0.57	-0.59	-0.83	-0.15	-0.59	-0.6	0.05	-0.43	-0.31	-0.15	-1.74	3.99	-1.27	-3	-1.18	-0.17	-0.54	-2.16	0.21	1.25	0.83	-0.81	0.27	-0.67	0.12	-0.77	-0.38	0.11	1.57	1.33	-0.28	1.36	0.79	-0.11	-0.68	0.9	0.24	-2.55	-2.02	-0.17	-0.5	0.41	-0.56	0.58	0.79	-1.83	-0.16	0.21	-2.62	-1.07	0.13	0.38	0.2	-0.31	0.59	-1.06	0	-0.22	0.63	-0.9	-0.44	-0.07	-0.11	-1.33	-0.6	-0.73	-0.18	-2.76	-0.13	-1.44	0.49	-2.26	-1.01	1.28	-2.01	-0.15	0.36
HT29_NCI60	0.61	0.01	0.06	0.35	-0.27	-0.63	-0.28	0.66	0.7	-0.79	-0.63	0.47	-1.02	-0.74	-1.03	0.36	-0.19	0.97	0.37	0.57	-0.16	-0.14	-0.4	0.12	-0.57	-0.23	-0.11	0.16	0.05	-0.2	-0.22	-0.8	-0.22	-0.06	-0.32	-0.38	-0.81	-0.27	0.56	-0.7	NA	0.29	-0.61	-0.73	0.31	-0.7	-0.46	0.02	0.11	0.01	-0.2	-1	-0.11	0.71	-0.18	-0.17	1.41	0.88	0.04	-0.39	-0.34	2.59	-0.11	-0.53	0.73	-0.83	-1.07	0.12	-0.74	-0.29	-1	0.82	-0.28	0.42	-0.18	-0.68	1.5	-0.84	0.38	1.05	-0.68	2.96	-0.03	0.92	3.7	0.79	0.48	-0.18	0.55	-0.11	-0.82	-0.37	0.89	0.42	-0.32	0.15	0.74	-0.67	-0.01	-0.12	-0.01	1.15	-0.8	0.87	-1.18	-0.38	-0.62	-0.39	1.09	1.35	0.69	1.96	-0.71	0.67	0.63	0.38	1.81	-0.77	-0.41	0.25	1.02	-0.2	-0.89	0.2	0.42	-0.4	-0.63	0.62	-0.15	0.46	0.43	-0.36	-0.41	-0.45	-0.9	-0.8	0.53	-1	-0.13	-0.63	-0.91	-0.2	-0.41	0	-0.5	-0.91	1.24	0.23	0.24	-0.05	-0.67	-0.2	-0.31	0.58	-0.45	-0.42	-0.2	-0.57	-0.66	-0.05	0.45	0.32	-0.21	0.8	0.88	0.71	-1.06	0.47	-0.14	-0.7	0.2	-0.15	-0.71	-0.06	-1.18	0.21	-0.31	0.14	1.27	-0.71	-0.16	-0.08	0.37	-0.17	0.3	-0.78	2.22	1.07	-1.1	-0.65	0.54	1.48	1.26	0.3	-0.35	0.33	-0.86	1.43	0.82	NA	0.9	0.47	-0.03	0.11	0.24	0.4	0.16	-0.17	0.35	0.41	0.35	-0.35	0.5	0.59	0.01	-1.12	0.04	-1.1	-0.32	0.38	-0.47	-1.07	-0.41	0.18	0.8	-1.07	0.68	-0.39	0.24	-0.76	-0.79	1.62	-0.33	0.48	0.45	-0.4	-0.06	-2.2	0.49	0.09	-0.42	1.2	-0.6	-0.28	1.82
IGROV1_NCI60	0.33	-1.21	-0.42	0.24	-0.55	0.05	0.17	-0.04	0.02	-0.76	-0.67	NA	-0.56	-0.79	-1.03	-0.57	-0.19	-0.1	0.78	0.23	-0.16	-0.33	-0.36	0.07	-0.57	-0.23	-1.1	-1.04	-0.65	NA	-0.22	-0.9	-0.22	-0.11	-0.11	-0.38	-0.76	-0.39	0.01	-0.96	-1.26	0.29	-0.61	-0.15	-0.25	-0.7	-0.37	-0.01	0.02	-0.26	-0.19	-0.41	-0.66	-0.59	-0.18	0.71	0.57	NA	0.05	-0.94	0.01	-0.41	-1.55	-0.81	0.25	-0.74	0.29	-1.09	-1.08	0.12	-0.2	0.37	-0.37	0.31	-0.02	-0.64	5.19	-0.89	0.39	-0.38	-0.43	-0.58	-0.68	-0.94	-0.48	-0.06	-0.16	-0.18	0.85	0.92	0.72	-0.42	0.49	0.46	-0.26	1.32	-0.28	-0.4	0.89	-0.72	-1.16	-0.64	-0.57	-0.12	-1.04	0.03	-0.56	0.88	0.54	-0.27	0.68	-0.03	0.3	-0.39	NA	0.73	-1.43	-0.91	-0.12	NA	-0.67	-0.2	-0.02	-1.13	0.24	-0.76	-0.51	-1.09	-0.67	0.46	0.17	0.12	0.94	2.2	0.63	-0.8	1.04	0.74	NA	0.36	0.63	-1.63	-0.41	-0.82	-1.24	0.37	-0.68	-0.91	0.68	1	2.31	-0.59	0.14	0.4	0.29	NA	-0.18	-0.63	-0.21	1.61	0.33	NA	0	-0.56	0.18	0.51	0	0.17	0.68	2.06	-0.54	-0.15	-0.44	1.84	1.7	3.73	-0.28	0.32	2.08	-0.23	-1.22	-0.96	-0.39	-0.17	1.15	-0.63	-0.99	1.28	0.98	-0.54	-1.08	0.28	-0.25	1.31	NA	0.24	-0.21	NA	-0.7	-1.01	-1.61	0.19	0.66	-3.08	0.24	0.4	-0.85	-0.17	-0.96	0.35	0.13	-1.01	-1.45	0.22	-1.83	-0.58	-0.13	0.13	-1.81	0.35	-1.06	-0.62	-0.06	-0.96	-0.63	0.67	-1.43	-0.85	-0.29	0.13	0.12	0.58	-0.29	-0.5	-0.86	-1.28	0.67	-0.04	0.06	-1.06	-0.2	1.38	-1.11	1.4	-0.37
K562_NCI60	0.69	0.95	1.53	0.38	-0.63	0.87	0.91	0.93	2.35	-0.63	-0.57	0.47	-0.62	-0.53	1.99	1.44	-0.19	1.08	-0.71	0.26	-0.16	-0.24	1.76	0.17	-0.78	1.24	-0.85	0.24	-0.3	0.33	-0.22	-0.4	-0.22	-1.34	1.33	4.15	1.4	-0.18	0.46	-0.13	1.98	0.29	0.77	0.6	-0.21	2.46	0.85	0.4	0.74	-2.62	-0.14	0.25	1.71	0.92	-0.18	1.33	0.25	0.33	0.63	0.04	-0.34	1.19	-0.53	0.13	-0.52	-0.83	-0.64	0.01	-0.28	0.19	-0.82	0.56	-0.36	0.99	-1.17	NA	-0.28	-0.17	0.44	-0.46	-0.46	0.61	-0.54	0.72	-0.14	0.49	0.99	-0.16	-1.46	-0.1	-0.31	0.14	0.64	-0.41	-0.02	NA	1.03	-0.23	-1.33	-0.61	0.67	0.74	-0.23	0.51	-0.58	-0.79	1.13	0.25	0.43	1.68	1.12	0.22	1.23	-0.13	-1.1	0.6	0.79	-0.88	0.55	-0.58	1.37	-0.2	0.94	0.01	0.42	0.03	-0.1	-1.94	0.15	0.46	0.29	-0.73	-0.95	-0.72	-2.04	1.99	-1	-1.95	-0.94	-1.12	NA	-0.64	1.4	0.23	0.43	1.48	-0.52	-0.39	-2.41	0.69	1.65	NA	0.77	0.22	-1.65	-0.42	-0.18	1.82	-0.28	-1.35	0.94	-1.04	0.75	0.67	0.4	0.5	-0.13	0.47	-0.57	1.13	0.86	0.32	1.24	0.28	-0.75	-0.18	NA	1.39	0.35	NA	-0.01	0.7	0.29	-0.12	0.47	NA	1.1	1.43	-1.08	1.73	0.67	-0.39	5.67	0.15	-0.21	4.73	-0.16	0.89	0.24	NA	0.58	0.25	-0.84	0.38	0.24	0.4	-0.65	-0.17	1.97	0.37	0.36	NA	NA	NA	1.06	NA	NA	NA	1.16	0.38	2.64	-0.12	0.99	-0.24	-0.15	-1.06	0.58	-0.33	0.81	-0.61	-0.31	NA	-0.31	0.48	1.36	0.13	1.18	NA	0.39	NA	-0.21	1.39	-0.3	NA	-0.34
KM12_NCI60	0.51	-0.29	-0.22	0.41	-0.59	-1.01	-0.09	0.37	-0.11	-0.87	-0.69	-0.27	-1	-0.85	0.15	-0.16	-0.19	0.05	-1.12	0.34	-0.16	-0.26	-0.4	0.2	-0.49	-0.23	-0.9	-1.23	-0.26	0.16	-0.22	-1.02	-0.22	-0.3	0.06	-0.38	-0.9	-0.59	0.45	-1.08	0.68	0.25	-0.61	-1.25	-0.21	0.09	-0.71	-0.47	-0.1	3.15	-0.19	0.02	-0.48	0.5	-0.18	-1.75	-0.79	-1.17	0.39	-0.92	-0.34	0.26	-0.11	-0.56	0.82	-0.76	-1.34	-0.01	-0.28	-0.48	-1.06	0.62	-0.08	0.45	-0.7	-0.68	-0.41	-0.58	0.16	-0.37	0.1	-0.58	-0.85	-0.65	-0.32	0.66	1.1	-0.18	-0.65	-1.15	-0.75	-0.47	0.59	-0.1	-0.43	0.15	-0.83	-1	-1.89	-0.86	-0.78	-0.68	-1.15	-0.82	-1.14	-0.4	-0.84	-0.42	0.87	-0.17	-0.12	-0.92	1.64	-0.03	-0.11	-0.72	1.66	-0.76	-0.5	0.28	0.21	-0.2	-1.19	-0.39	0.42	-1.02	-1.24	0.64	-0.61	0.46	0.29	-1.04	-0.53	-1.24	0.45	-0.8	2.67	0.7	-0.45	1.04	-0.27	-0.98	NA	-0.86	0.41	-0.05	-0.84	0.15	-0.85	-0.95	-0.52	-0.26	-0.21	0.03	-0.72	-0.42	-0.2	-0.63	-0.77	1.73	-0.61	-0.08	-1.3	-2.24	0.89	0.6	0.01	-0.56	0.54	-0.56	0.86	-0.15	-0.75	-0.49	-1.35	-0.51	-0.31	0.38	-0.42	-0.41	-0.88	-0.24	0.09	-0.17	0.23	-0.66	-0.17	-1.08	-0.82	-0.05	0.32	0.43	-0.19	-0.18	0.33	0.04	-0.86	0.3	-0.09	NA	0.68	4.14	-0.28	-0.11	0.24	0.4	-0.82	-0.17	3.7	0.41	-0.34	-0.96	0.76	0.47	0.85	0.31	-0.41	-1.52	0.7	0.38	1.93	-0.48	0.66	-0.85	0.8	-0.96	0.68	-0.36	1.23	-1.14	-0.95	1.78	-0.64	0.48	0.08	-0.98	-1.6	-0.91	0.49	-1.01	-1.24	-1.1	-1.04	-1.95	-0.36
LOXIMVI_NCI60	0.66	1.38	1.48	0.36	0.19	1.09	-0.5	1.06	0.66	0.34	0.51	0.47	0.4	0.52	-0.01	0.12	-0.19	0.77	-0.04	0.66	-0.16	0.21	-0.35	0.33	0.16	-0.23	0.64	0.65	-0.12	1.18	-0.22	0.51	-0.22	-0.06	-0.31	0.05	1.55	-0.34	0.47	1.08	0.71	0.29	-0.61	0.98	-0.21	-0.7	1.84	0.81	0.85	0.48	-0.19	-0.24	-0.1	0.92	-0.18	0.96	0.37	1.37	1.03	0.12	-0.34	0.52	0.03	0.98	0.17	1.2	0.85	-0.08	0.41	0.76	1	0.47	-0.37	1.02	0.67	0.38	0.31	0.59	0.96	0.13	1.04	0.55	-0.4	0.45	-0.01	0.86	-0.54	-0.18	0.13	0.92	0.27	0.76	0.63	0.44	1.23	NA	0.36	0.6	1.61	-0.37	0.33	0.89	0.57	0.46	0.01	0.07	1.05	3.34	0.81	-0.06	0.98	-0.3	0.11	0.64	0.67	0.72	-0.05	1.27	0.79	-0.03	0.07	-0.2	0.94	-0.39	0.42	0.91	0.44	0.69	0.9	-0.82	0.47	1.06	NA	0.3	-0.13	1.66	-0.11	1.16	-0.49	0.29	0.81	0.76	-0.41	0.71	0.39	0.84	-0.84	0.41	-0.67	1	-0.63	-0.1	NA	0.71	NA	0.06	-0.2	1.39	0.54	0.43	0.04	-0.55	0.63	0.34	0.24	0.63	0.59	0.47	0.05	-0.53	1.01	7.13	0.6	-0.58	0.16	-0.28	-0.31	-0.1	-0.46	0.74	-0.37	0.77	0.58	-0.17	0.33	0.86	-0.2	1.22	0.83	0.12	0.78	0.25	-0.13	-0.09	-0.21	-0.57	1.07	0.64	0.84	-1.01	0.03	0.47	-0.16	0.44	0.24	0.4	1	-0.17	0.09	0.41	1.2	0.13	-0.14	0.74	0.28	-0.91	0.55	0.95	-0.35	0.38	0.34	0.82	1.87	0.93	0.8	1.12	0.66	1.08	0.89	1.39	1.28	0.07	0.76	0.24	0.86	0.88	0.21	0.74	0.58	-0.14	-0.34	1.29	1	-0.24	0.4
M14_NCI60	0.58	0.63	1.12	0.41	-0.43	0.61	-1.05	-0.79	0.5	-0.07	0.04	-0.69	0.14	0.14	0.04	-0.51	-0.19	-0.12	1.19	-0.35	-0.16	-0.41	-0.37	0.15	0.34	NA	0.32	0.63	0.27	0.36	-0.22	0.23	-0.22	-0.15	NA	0.71	0.95	-0.19	0.2	1.11	-0.03	0.28	-0.19	0.96	-0.3	-0.7	-0.06	-0.59	-0.17	0.04	-0.18	0.11	0.31	-0.22	-0.18	0.09	-1.27	0.86	0.2	1.26	-0.34	1	-0.3	-0.42	0.71	1.53	0.32	0.04	-0.1	-0.29	-0.03	0.3	NA	0.04	0.31	0.58	-0.62	0.14	NA	-0.34	NA	-0.58	-0.58	0.86	-0.37	0.3	0.5	NA	0.49	-1.29	0.05	-0.5	0.48	-0.04	-0.61	-0.6	-0.05	-0.87	0.39	0.12	1.15	0.93	-0.44	-0.78	1.03	-1.38	0.15	-0.25	0.7	-2.46	0.46	2.24	NA	NA	-0.13	-0.5	0.04	NA	-0.19	-0.26	-0.67	NA	-1.11	1.16	0.41	0.72	1.38	0.64	1.08	0.34	-0.12	-0.4	0.23	0.28	-0.2	1.32	0.6	-0.21	-0.24	-0.3	-0.71	0.89	-0.41	0.71	1.14	-0.95	2.02	-0.09	0.13	-1.67	-0.89	-0.05	-0.39	0.6	-0.15	-0.42	-0.2	-0.57	0.01	-0.5	-0.62	-0.04	0.06	0.24	-0.32	0.89	0.59	0.47	-0.57	-0.81	-0.88	-0.15	-0.05	-0.3	0.16	-0.7	-0.31	-3.43	-0.65	0.46	0.71	0.7	-0.03	-0.17	0.13	0.86	-0.2	-0.85	-1.18	-0.43	-0.16	1.67	-0.19	-0.18	-0.24	0.57	-0.5	0.57	-0.25	-1.01	0.19	1.16	-0.35	0.4	0.24	0.46	0.7	-0.17	-0.04	0.41	-0.55	-0.86	0.4	0.14	0.49	-0.18	-0.53	0.01	0.49	0.38	-0.29	-0.03	-0.18	0.42	0.46	0.05	0.35	0	-0.37	-0.12	-1.04	-0.1	-0.25	0.36	-0.2	0.88	-0.69	1.24	0.49	-0.22	0	-0.72	0.78	-0.19	2.33
MALME3M_NCI60	-0.74	-0.01	0.23	0.21	0.61	-1.08	0	0.49	-0.48	-0.24	-0.51	0.47	0.17	-0.6	NA	-0.43	-0.19	-0.14	1.54	-0.17	-0.16	0.03	-0.35	0.27	-0.52	-0.25	-0.15	-1.34	-0.51	-1.31	-0.22	-0.17	-0.22	-0.04	-0.36	NA	0.26	0.18	0.51	-0.09	NA	-0.17	0.2	-0.9	-0.21	-0.11	-0.34	0.34	0.19	0.33	-0.19	-0.02	0.89	NA	-0.18	0.68	0.87	NA	-0.57	-1.38	-0.34	0.77	-1.4	-0.62	-1.23	-0.27	0.71	0.72	-0.25	0.5	0.62	0.12	-0.38	-1.43	0.06	0.56	0.11	-0.12	0.77	-0.57	-0.05	-0.58	0.2	1.85	-0.34	0.66	0.7	-0.18	NA	0.89	0.61	-0.45	0.48	0.95	0.56	3.44	-0.68	-0.76	-0.69	-0.47	1.14	-1.11	-0.34	-0.19	0.15	-0.77	-0.57	-0.38	0.87	0.86	-1.87	2.98	-0.92	-1.3	-1.1	-0.43	-0.06	-0.5	-0.3	1.24	-0.67	-0.18	0.98	0.38	0.54	-0.77	-0.57	0.56	-1.14	-1.87	0.61	-1.04	NA	0.51	0.64	0.96	0.33	-1.26	-0.33	0.07	0.99	-0.16	-0.41	-0.2	1.22	0.74	2.46	1.2	0.31	1	-0.72	0.17	0.11	-0.09	-0.08	0.33	6.36	-0.63	NA	0	2.41	NA	0.44	1.56	-0.14	0.71	0.59	0.53	-0.57	-0.52	NA	-0.15	0.32	0.12	0.88	-0.44	-0.31	-0.16	0.39	0.43	-0.16	-0.91	0.56	-0.17	0.26	-0.57	-0.14	-0.93	0.68	NA	-0.1	1.8	-0.05	0.03	-1.24	1.08	-0.31	-1.75	-0.53	NA	0.84	0.45	-0.61	NA	0.24	-2.75	-0.16	-0.17	0.12	-2.09	0.36	-0.36	-0.65	0.2	0.18	-0.43	0.21	0.23	0.45	0.34	-0.64	0.06	-1.45	-1.7	-1.19	0.4	NA	-0.04	-0.58	-1.3	-1.24	-0.95	0.27	NA	0.85	-0.61	0.63	-0.08	-4.43	1.51	-0.47	-0.97	-0.72	-0.06	2.88
MCF7_NCI60	0.69	0.48	0.7	0.32	0.55	0.52	-1.05	1.07	-0.07	0.69	0.93	NA	0.98	0.86	0.67	0.21	NA	-0.41	-0.21	1.34	NA	0.28	-0.42	0.36	0.06	-0.23	1.17	0.68	0.59	0.87	NA	0.52	NA	NA	NA	2.79	-0.72	NA	0.59	1.18	2.32	0.28	-0.61	2.53	-0.19	-0.49	-0.43	1.23	1.06	1.99	NA	-0.46	0.86	0.78	-0.19	0.53	0.3	1.11	0.18	0.15	NA	0.89	-0.44	-0.28	0.65	0.14	0.26	0.11	1.41	1.6	-0.15	0.61	-0.37	1.01	1.21	-0.16	-0.42	1.02	1.03	1.31	0.57	1.25	1.64	-0.6	3.46	1.28	0.7	-0.16	-0.17	0.92	-0.88	NA	0.65	1.28	NA	0.25	NA	1.1	1.27	0.7	1.51	NA	1.58	-0.15	-0.26	-0.32	NA	-0.43	1.04	-0.07	0.78	-0.33	-0.57	-0.4	0.56	-0.03	NA	0.98	-0.3	0.25	2.85	-0.2	0.94	0.49	0.42	0.76	1.16	-0.45	1.12	NA	0.46	NA	NA	-0.53	0.3	-0.04	-0.96	0.59	1.38	-0.58	1.13	1.13	NA	0.78	-0.33	-1.49	-0.84	0.72	0.2	1	2.18	-0.29	0.26	0.64	0.07	NA	-0.18	1.99	0.64	0.48	-0.46	NA	-0.01	0.31	0.83	0.71	0.59	0.47	-0.57	2.18	0.03	-0.15	-0.16	-0.68	-1.35	-0.41	5.46	-0.01	0.08	-0.6	1.18	0.68	0.53	-0.17	0.24	0.91	3.62	-1.32	0.83	0.95	0.08	-1.04	-0.15	0.29	1.08	0.17	0	1.5	4.59	NA	0.37	0.12	-0.64	0.1	0.24	0.4	1.18	-0.17	1.21	0.41	1.37	0.19	-1.16	0.76	0.45	-0.14	0.57	1.11	0.7	0.38	-0.42	1.24	-0.04	0.96	0.8	-0.1	0.68	1.5	-0.64	-1.21	-1.09	-1.15	1.62	0.48	1.38	0.88	0.84	0.34	0.49	0.03	-0.6	-1.19	0.97	-0.32	-0.38
MDAMB231_NCI60	-1.14	-0.31	-0.44	NA	-1.03	0.96	1.41	-0.78	0.09	-0.71	-0.95	-1.9	-1.02	-1	-0.05	-0.97	NA	-2.81	0.81	-1.85	NA	-0.15	NA	-0.32	-0.75	NA	-1.52	-1.07	0.02	NA	NA	-0.83	NA	NA	NA	-0.38	-0.14	NA	-0.16	-0.77	0.94	0.3	-0.61	-1.25	NA	-0.7	-1	-0.8	-0.24	-0.25	NA	-0.82	-0.18	-0.44	-0.19	-0.16	-0.84	-1.14	0.46	-1.66	NA	0.37	-0.32	NA	-0.87	-0.83	-1.8	-0.98	-0.44	-0.86	-0.93	-0.23	NA	0.04	-1.81	0.41	1.36	0.07	NA	-0.68	NA	-0.58	0.16	-0.73	-0.53	-1.01	-0.83	NA	NA	-1.09	-1.06	-1.29	0.62	-1.45	-1.53	-0.63	NA	-0.92	0.23	-1.27	-1.53	NA	-0.7	0.93	-0.52	-0.08	NA	-0.4	-1.09	0.04	-0.96	-0.3	NA	NA	-0.11	0.71	NA	NA	-0.23	-1.4	-0.67	NA	-1.07	-0.9	0.08	-1.76	-1.2	0.38	-1.44	NA	0.42	NA	NA	-0.03	NA	-0.8	-0.23	-0.74	0.52	0.45	-0.72	-1.12	-0.41	-1.61	0.13	0.41	0.31	0.38	-0.02	-1.01	-0.43	-0.05	0.01	-1.83	-0.23	-0.42	-0.2	-0.03	-1.42	-0.97	-1.06	0.81	0.02	-0.39	-0.1	0.45	-2.37	-2.29	-0.57	-0.73	-2.07	NA	-0.03	-0.82	-0.28	-0.51	-0.31	0.29	-1.32	1.06	-0.16	-0.56	-0.16	0.11	-0.12	-1.67	-0.59	1.17	-1.32	-0.27	0.22	0.19	-0.16	-0.61	-0.57	0.38	-0.86	-1.36	-0.04	0.63	0.28	-0.45	-0.26	0.18	0.24	NA	-2.27	-0.17	-0.09	0.45	-1.13	-2.72	-0.77	-1.83	-0.13	-0.15	-1.75	-1.69	-0.2	0.38	-1.57	-1.29	-0.38	-1.41	0.49	-1.07	-0.3	-0.96	-1.84	1.79	1.72	0.24	-0.7	0.48	-0.43	-2.18	0.23	0.16	-0.04	-1.04	-0.58	0.96	-1.7	-0.05	-0.32
MDAMB435_NCI60	0.67	0.38	0.73	NA	-0.71	0.14	-0.35	0.18	0.42	-0.55	-0.45	-0.11	-0.51	-0.63	-0.05	-0.46	NA	0.11	0.68	0.39	NA	-0.58	NA	-1.2	-0.36	NA	-0.73	-0.12	-0.71	1.11	NA	-0.63	NA	NA	NA	-0.38	-0.45	NA	0.49	-0.42	1.68	NA	-0.61	0.16	NA	-0.7	-0.23	-0.73	-0.63	-0.01	NA	-0.34	1.91	0.92	-0.17	-0.45	-0.42	0.92	0.12	0.74	NA	0.76	-0.38	NA	1.34	1.04	-0.33	-0.74	-0.69	-0.54	-1	1.02	NA	0.52	-1.24	-0.68	0.01	-0.92	NA	NA	NA	-0.58	-0.53	-0.43	-0.43	0.51	2.21	NA	0.21	-0.92	-0.52	-1.02	0.62	-0.81	-1.19	-0.36	NA	-1.11	-0.33	-0.7	0.53	NA	-1.29	-0.88	0.56	-0.2	NA	-0.45	0.8	1.25	-0.17	0.67	NA	NA	-0.15	0.17	NA	NA	0.12	1.07	0	NA	-0.78	0.92	0.42	-0.2	0.11	0.73	-0.37	NA	0.53	NA	NA	0.25	-1.2	-0.8	-0.9	-0.03	-0.03	-1.77	-0.49	-0.08	-0.41	0.12	1.34	-0.43	0.65	0.89	-1.59	-1	-0.78	-0.01	-0.61	-0.2	-0.26	-0.42	-0.2	-0.57	-1.23	0.5	0.49	1.56	-0.24	-1.21	1.44	0.71	0.48	0.47	-0.23	-0.46	0.77	-0.15	0.16	0.1	-0.52	-0.09	-0.31	0	-0.17	-0.92	-0.76	0.27	0.93	-0.17	-0.17	-0.27	-0.08	-0.95	0.38	0.45	0.14	1.45	-0.14	-0.34	0.35	0.51	-0.23	1.9	0.75	NA	0.92	0.31	0.17	0.13	0.24	0.4	-0.76	-0.17	0.69	0.41	-0.72	-1.18	3.55	0.95	0.95	-0.62	-1.21	-1.25	0.62	0.38	-0.48	-0.82	0.32	-0.45	0.8	-1.07	0.68	-0.9	0.75	-0.89	-0.65	-0.41	-0.46	0.48	1.64	-0.46	-0.8	-0.19	0.49	0.92	-0.35	-0.91	-0.49	-0.01	1.85
MDAMB468_NCI60	NA	NA	NA	NA	NA	NA	NA	NA	NA	NA	NA	NA	NA	NA	NA	NA	NA	NA	NA	NA	NA	NA	NA	NA	NA	NA	NA	NA	NA	NA	NA	NA	NA	NA	NA	NA	NA	NA	NA	NA	NA	NA	NA	NA	NA	NA	NA	NA	NA	NA	NA	NA	NA	NA	NA	NA	NA	NA	NA	NA	NA	NA	NA	NA	NA	NA	NA	NA	NA	NA	NA	NA	NA	NA	NA	NA	NA	NA	NA	NA	NA	NA	NA	NA	NA	NA	NA	NA	NA	NA	NA	NA	NA	NA	NA	NA	NA	NA	NA	NA	NA	NA	NA	NA	NA	NA	NA	NA	NA	NA	NA	NA	NA	NA	NA	NA	NA	NA	NA	NA	NA	NA	NA	NA	NA	NA	NA	NA	NA	NA	NA	NA	NA	NA	NA	NA	NA	NA	NA	NA	NA	NA	NA	NA	NA	NA	NA	NA	NA	NA	NA	NA	NA	NA	NA	NA	NA	NA	NA	NA	NA	NA	NA	NA	NA	NA	NA	NA	NA	NA	NA	NA	NA	NA	NA	NA	NA	NA	NA	NA	NA	NA	NA	NA	NA	NA	NA	NA	NA	NA	NA	NA	NA	NA	NA	NA	NA	NA	NA	NA	NA	NA	NA	NA	NA	NA	NA	NA	NA	NA	NA	NA	NA	NA	NA	NA	NA	NA	NA	NA	NA	NA	NA	NA	NA	NA	NA	NA	NA	NA	NA	NA	NA	NA	NA	NA	NA	NA	NA	NA	NA	NA	NA	NA	NA
MOLT4_NCI60	0.6	1.3	0.72	0.27	1.75	-0.77	0.9	0.97	0.58	2.26	1.97	-5.88	2.41	2.08	-0.74	1.01	-0.19	1.88	-0.52	0.31	-0.16	-0.09	-0.06	0.13	2.04	-0.23	0.75	0.63	0.99	0.54	-0.22	2.19	-0.2	2.43	0.1	0.05	0.89	0.17	0.31	1.49	-1.26	0.29	-0.07	0.68	-0.21	-0.7	1.14	1.56	1.06	-0.89	-0.18	0.46	0.36	0.75	-0.18	1.02	-0.46	0.9	-0.63	1.23	-0.02	0.8	2.38	1.82	0.45	-0.83	0.78	0.27	2.17	1.95	0.05	0.26	0.66	1.08	-0.07	6.17	-0.83	2.19	1.03	-0.68	-0.23	0.58	1.44	0.14	NA	0.26	0.12	-0.18	0.51	0.92	0.87	2.32	-0.26	1.94	2.05	0.28	1.84	1.1	1.57	0.52	1.82	1.28	1.38	2.3	1.54	2.88	0.77	0.21	-0.96	0.41	0.9	0.11	0.98	1.65	-1.1	1.51	-0.26	0.16	0.91	0.19	-0.67	4.25	0.94	1.27	0.42	1.12	0.54	-1.77	1.93	0.46	0.25	-0.95	-1.25	-0.14	0.38	1.31	0.49	0.46	NA	-0.02	4.4	1.14	0.96	0.71	-0.79	-0.07	-0.84	0.38	-0.97	0.99	-0.84	0.84	1.56	0.93	-2.56	4.75	-0.2	1.53	2.28	-0.35	1.17	-0.33	0.44	0.85	0.45	0.18	0.59	0.47	0.51	0.38	1.77	-0.15	0.96	-0.05	-0.66	-0.08	-0.31	0.03	0.87	-0.92	1.77	0.77	1.19	NA	0.25	NA	-0.51	-0.94	0.06	1.58	0.38	-0.89	1.31	0.09	1.42	0.5	0.02	0.73	0.51	-1.01	0.07	0.68	-0.68	0.11	0.24	0.4	0.28	2.61	0.7	0.41	1.56	1.58	0.5	0.2	-0.55	-0.11	1.17	1.57	-0.85	0.38	0.6	1.99	-1.36	0.38	0.8	-0.07	0.12	2	0.8	-1.34	-0.94	0.62	1.04	0.48	0.25	0.88	-0.5	0.26	0.31	1.47	0.1	-0.99	1.66	-0.67	-0.33
NCIADRES_NCI60	0.37	0.52	0.28	-1	-0.59	0.7	0.27	-3.08	-0.62	0.06	-0.02	0.47	-0.37	0.04	-1.94	-0.22	NA	-0.24	-0.94	-0.07	NA	-0.15	-0.5	-5.74	-0.25	-0.23	-1.42	0.35	0.61	0.79	NA	-0.03	NA	NA	0.28	-0.38	-0.25	NA	-2.4	0.54	0.78	-0.85	0.65	0.19	-0.17	-0.7	-0.45	-3.27	-3.21	-0.06	-0.21	-0.56	-0.02	-2.05	-0.18	-0.73	-0.41	0.57	-0.64	1.59	NA	-1.14	0.68	0.29	1.08	1.85	-0.22	-0.38	-2.4	-3.69	0.24	-2.33	-0.06	-0.19	-1.95	-0.62	-0.12	-1.05	-3.55	-0.61	0.02	0.52	-0.67	1.23	-0.25	-0.06	0.47	-0.02	-1.49	-0.11	-0.26	NA	-2.96	-1.75	NA	0.28	NA	-2.26	0.63	-0.72	0.51	NA	-2.47	0.25	1.61	-0.57	NA	-0.27	-2.13	-0.49	0.16	-0.26	-0.25	0.97	-0.7	0.29	NA	0.47	-0.47	-1.46	0.76	-0.2	NA	1.32	-3.31	-0.66	0.82	-0.1	-0.95	NA	-4.46	NA	NA	-1.79	-0.38	NA	-0.83	-1.56	0.07	-0.35	-0.98	-0.25	0.7	0.17	-2.75	-0.37	0.18	-3.02	0.21	-0.67	-0.31	-0.82	-3.15	0.51	0.24	-0.42	-0.2	0.38	-1.1	1.36	1.91	-0.1	-0.58	-0.02	-2.5	-2.87	-0.34	0.47	-0.57	-0.94	0.01	-0.15	-0.26	-0.83	-0.02	1.01	-0.31	0.19	0.25	0.06	0.48	0.38	1.05	-0.17	0.06	0.62	-0.55	-0.85	-1.17	-0.31	-1.49	-1.04	-0.37	-0.17	-0.17	0.1	-0.86	-0.49	-0.84	NA	0.6	-0.84	-0.65	-2.31	-5.72	0.4	-1.57	-0.17	-1.55	-0.77	-3.06	0.2	0.76	-0.53	-3.06	1.3	-0.68	-0.54	-2	-2.29	-0.02	-1.86	0.01	0.23	-4.19	0.36	-2.29	-3.18	0.32	1.05	1.16	-2.54	-4.31	-2.07	-1.62	-0.48	-0.65	0.36	-1.92	1.94	0.55	-0.67	-0.32	-1.12	-0.51
OVCAR3_NCI60	-0.11	0.36	1.01	0.36	-0.53	0.48	0.25	-0.4	-0.64	-0.66	-0.67	0.47	-0.4	-0.9	0.15	-0.1	-0.19	-0.9	0.09	-0.06	-0.16	0.17	-0.07	0.07	-0.54	0.52	-1.15	0.17	-0.61	0.57	-0.24	-0.86	-0.22	0.18	-0.09	-0.38	-0.11	-0.59	0.68	-1.05	-0.07	0.3	-0.61	-1.14	-0.21	0.2	-0.59	-0.59	-0.41	0.14	-0.2	-0.38	1.41	0.88	-0.18	0.42	-0.65	1.01	-0.32	-0.99	-0.34	-0.09	-1.09	0.15	0.87	-0.83	0.13	0.31	-0.87	-0.79	-0.55	0.51	-0.37	-0.18	-0.64	0.55	0.8	-1.09	0.07	-0.05	0.11	-0.05	-0.56	1.25	-0.48	0.6	0.85	-0.18	-0.03	-1.2	0.63	-1.51	0.31	-0.74	-0.67	1.81	-0.68	-1.34	-0.16	-0.32	-0.27	NA	-1.19	-1.48	-0.6	-1.28	-0.71	-0.42	-0.12	-0.44	-0.34	-0.07	-0.79	-0.95	-0.92	0.36	1.27	-0.91	-0.55	NA	-0.67	-0.2	-1.02	-2.06	0.42	-0.79	-1.15	0.66	-0.48	0.46	-0.24	-1.04	-1.1	-1.85	-0.44	-0.8	-0.89	0.54	0.62	-0.31	-0.27	-0.34	-0.09	-0.61	0.46	0.72	-0.84	1.03	0.13	-0.88	1.92	0.25	-0.64	0.08	2.88	-0.42	-0.2	-0.57	-0.09	0.7	-0.29	0.03	0.95	-0.27	1.14	0.38	-0.17	-0.85	-0.57	1.03	-0.11	NA	-0.27	-0.16	0.42	-0.62	-0.31	-0.02	0.01	-0.01	-0.44	-0.02	0.02	-0.17	0.16	-0.68	-0.28	0.21	0.83	-0.08	-0.96	-0.9	-0.75	-0.44	0.04	-0.36	0.43	0.06	-0.55	NA	0.22	-0.39	0.75	-0.57	0.24	0.31	-0.72	-0.17	-1.06	0.41	-0.62	1.61	0.76	0.62	0.17	-0.14	-0.2	-0.24	0.52	0.38	-0.51	-0.98	-0.34	-0.07	0.8	-0.39	0.62	-0.91	0.59	-0.96	-0.75	-1.19	-0.81	0.48	1.38	-0.73	1.24	-0.78	0.49	-1.2	-0.61	-0.15	-0.67	-0.31	-0.79
OVCAR4_NCI60	-1.78	-0.11	-0.1	-0.65	-0.83	0.99	1.02	-0.96	-0.85	-0.8	-0.8	0.47	-0.42	-0.87	0.49	-0.84	-0.19	0.04	0.44	-0.67	-0.16	-0.17	-0.42	0.08	-0.31	-0.23	-1.2	-1.54	-0.96	-0.31	NA	-0.92	-0.22	-0.23	-0.29	-0.38	0.41	0.13	-2.29	-1.08	-1.26	-0.76	-0.37	-1.25	-0.17	-0.7	-0.46	-1.13	-0.39	-0.11	-0.19	-0.74	-0.79	0.89	-0.18	-0.25	1.11	NA	-0.27	-1.4	0.67	-1.19	-3.01	-0.51	-1.3	-0.83	0.61	-0.3	-1.62	-1.07	-0.53	-2.24	-0.37	-1.64	-0.59	-0.68	0.68	-1.86	0.02	-1.02	-0.38	-0.58	-0.43	-0.63	-0.35	0.02	-1.56	-0.18	NA	0.93	0.13	-1.36	-2.12	-1.51	-1.28	-0.54	-0.46	-1.31	0.39	-0.99	-1.53	0.1	-0.97	-1.17	-0.98	-1.06	-0.77	0.96	-1.9	-0.44	-0.73	-0.18	-0.25	-0.13	-0.57	-0.18	-1.51	-0.91	-0.37	-1.37	-0.67	-0.2	0.94	-1.84	0.54	-1.25	-1.39	-1.7	-0.91	-2.75	-1.36	-1.04	-1.25	-0.6	-0.8	-0.8	-0.55	-0.69	1.06	-0.73	-0.75	-1.42	-0.41	-1.1	-1.29	0.46	-0.64	-0.79	0.22	1	NA	-0.57	-0.84	-1.46	-0.62	-0.42	-0.2	-0.57	-2.13	-0.8	-1.45	-0.26	0.55	-2.03	-0.29	-1.51	-0.1	-1.24	-0.57	0.56	-0.27	-0.15	-0.35	-0.55	-0.03	-0.1	-0.31	0.87	1.06	-0.92	-1.14	-1.4	-0.67	-0.17	-0.46	-1.65	0.08	-1.15	0.76	-0.45	0.58	-0.57	-0.22	-0.51	-0.28	0.16	0.86	-1.4	-0.38	NA	0.43	-0.15	-0.1	0.27	NA	-1.32	-1.18	-0.17	-0.5	0.41	-0.64	-0.91	-0.57	-1.05	0.35	-0.98	-1.35	-0.59	0.33	-1.28	0.62	-1.82	1.01	-2.09	0.6	-1	-1.26	-1.26	-0.99	-0.68	-0.65	-0.86	-0.62	0.33	-0.88	-1.49	-0.3	0.62	-2.32	-1.55	-0.82	-1.03	-1.41	-0.21	-0.69
OVCAR5_NCI60	-0.37	0.46	-0.28	-3.96	-0.63	-0.09	-1.05	-0.9	-1.44	-0.52	-0.58	-0.59	-0.52	-0.55	-0.35	-0.84	-0.19	-0.26	0.55	-1.04	-0.16	-1.89	-0.4	0.08	-0.51	-0.23	-0.54	-2.3	-0.03	-1.98	1.15	-0.35	-0.22	-0.54	-0.22	-0.38	-0.74	3.02	-2.25	-0.27	-1.26	-4.5	-0.61	-1.25	1.1	-0.7	-1.08	-0.75	-1.28	-0.25	-0.19	-0.89	-1.86	-0.83	-0.18	-0.75	-1.27	-1.16	-1.36	0.32	-0.34	-1.5	0.23	-0.62	-1.36	-0.83	-0.43	-0.93	-0.78	-1.26	-0.22	-0.14	-0.37	-1.01	-0.4	-0.68	-0.25	-0.78	-0.98	-0.99	-0.24	-0.58	-0.72	-0.76	-0.51	-0.1	-1.54	-0.18	-0.84	-1.03	-0.86	-0.94	-1.1	-0.91	-1.11	-0.69	-0.1	-0.33	0.16	-0.37	-1.53	-0.92	-0.9	-0.49	-0.15	-1.02	-1.09	-0.4	-0.19	-0.34	-0.16	-1.01	1.09	-0.69	-0.2	-1.35	-1.15	-0.17	-0.63	-0.43	-0.67	-0.2	-1.28	-0.84	0.3	-0.6	-0.39	-0.03	-0.81	NA	0.5	-1.04	NA	-0.57	0.56	-0.8	0.92	-0.17	-1.08	0.34	-1.18	-1.07	-0.41	-1.18	-0.13	-1.49	-0.76	-0.66	0.52	-2.14	1.67	-0.62	-1.39	-1.06	-1.26	-0.42	-0.2	-0.63	-1.1	-1.06	0.45	-0.51	-0.67	2.53	-0.06	-0.33	-1.31	-0.85	0.49	1.26	0.86	-0.15	-0.27	-0.71	0.2	-0.63	-0.31	-0.31	-1.38	-0.67	-1.15	-0.23	-0.32	0.07	-1.85	-1.15	-1.33	1	0.68	-0.58	0.1	0.48	2.1	-0.89	-0.33	-0.17	-0.86	-1	-1.02	-1.01	-1.2	-0.4	-0.04	NA	0.24	0.4	-0.71	-0.17	-0.31	0.15	-0.85	-1.11	-2.21	-1.83	0.42	-2.16	-0.9	-1.02	0.43	-0.26	-2.07	-1.61	-0.99	-1.97	-0.34	-0.76	-0.08	-1.23	0.1	-0.99	-1	0.83	-1.02	-0.36	-0.8	-1.05	-0.65	-1.06	0.58	0.91	-0.49	0.96	-1.26	0.72	-0.91
OVCAR8_NCI60	0.64	0.43	0.35	0.28	-1.1	0.7	0.14	0.11	0.44	-0.4	-0.33	0.47	-0.28	-0.28	0.2	-0.32	-0.19	0.75	-1.03	0.22	-0.16	-0.48	-0.4	-0.18	-0.53	-0.23	-0.44	0.63	0.12	0.21	-0.24	-0.46	-0.22	0.02	-0.25	-0.38	0.21	NA	-0.01	0.65	1.03	0.29	0.15	0.18	-0.21	-0.3	-0.41	0.29	0.51	0.08	-0.2	-0.59	-0.75	-0.61	-0.17	0.06	1.04	0.36	0.41	1.88	NA	-1.36	0.27	0.02	-0.02	1.97	-0.52	-0.18	-0.11	-0.05	-0.37	0.31	1.36	0.34	-0.34	-0.68	-0.83	-0.16	-0.41	-0.44	-0.54	0.85	-0.58	-0.66	-0.33	-0.91	-0.05	-0.18	-1.19	0.89	-0.41	-0.13	0.52	0.27	0.05	NA	-0.19	0.47	1.17	-0.67	0.63	-1.53	0.21	1.26	1.92	0.78	-0.98	-0.45	0.25	-0.51	0.33	-0.33	-0.77	0.92	-0.48	-0.21	-0.29	1.13	-0.36	-0.68	1.34	-0.2	-0.09	1.13	-0.02	0.15	1.12	-0.22	-0.19	0.41	0.04	-0.08	0.51	-1.26	-0.61	1.34	-0.87	0.5	-1.34	-0.83	-0.01	0.92	0.44	0.54	-0.48	0.95	-0.19	-0.98	0.3	0.87	-0.37	-0.62	0.02	0.52	NA	-0.42	-0.2	0.37	-0.61	NA	0.31	-2.05	-0.15	0.29	-0.64	0.42	0.4	0.47	-0.57	-0.63	0.21	-0.15	-0.17	-0.71	-0.01	-0.24	-0.31	-0.3	-0.68	-0.75	0.07	-0.54	0.86	-0.17	-0.13	0.56	-0.92	0.69	0.03	-0.84	0.45	-0.93	-0.51	-0.1	-0.63	-0.33	-0.86	0.79	-0.85	0.11	-1.24	-0.81	-0.34	-0.07	0.24	0.4	0.05	-0.17	-1.01	0.41	0.56	-0.46	-0.31	0.15	0.2	0.33	-1.49	-0.45	0.57	0.38	-0.25	-0.13	0.6	0.78	-0.06	-0.24	0.44	-0.12	0.68	0.45	0.61	-1.03	-0.03	0.22	-0.62	0.52	-0.94	-0.07	0.39	0.94	1.14	0.74	0.2	-1.13	-0.62
PC3_NCI60	0.6	-0.32	0.12	NA	-0.29	0.53	-1.05	-0.24	0.36	-0.36	-0.77	0.47	-0.44	-0.69	-0.19	0.83	NA	-0.18	0.2	-0.36	NA	-0.71	NA	-0.12	-0.51	NA	-0.95	0.52	0.14	-0.46	NA	-0.53	NA	NA	NA	-0.38	-0.31	NA	0.43	-0.34	1.78	0.3	0.1	-1.25	NA	0.8	-0.53	-0.09	-0.16	-1.02	NA	3.7	-0.32	-0.13	0.2	0.01	-1.03	-1.07	-0.04	-1.77	NA	0.09	-1.31	NA	-0.31	-0.53	-0.44	-0.43	-0.68	-0.54	-0.62	0.35	NA	0.39	0.32	-0.68	-0.6	-0.97	NA	-0.55	NA	0.36	-0.46	-0.54	-0.21	0.08	0.5	NA	1.37	0.91	-1.06	-0.58	0.46	-1.21	-0.48	1.02	NA	-0.62	1.03	-1.05	-1.24	NA	-0.52	-0.08	0.49	-0.84	NA	-0.45	0.24	-0.23	0.1	-0.98	NA	NA	0.38	-0.05	NA	NA	-0.66	NA	-0.53	NA	0.98	-1.9	0.42	-0.35	-1.16	-1.39	-0.46	NA	0.06	NA	NA	-0.98	1.23	-0.8	1.72	-0.41	-1	-0.16	NA	-0.01	-0.04	-0.77	-0.06	1.29	0.4	-0.85	0.1	0.43	-0.39	-0.2	-0.82	0	1.24	-0.42	-0.2	-0.63	-1.12	-0.04	-0.51	0.11	-0.17	-0.48	0.86	0.42	-0.08	-0.52	1.57	-0.78	1.75	-0.15	-0.54	0.84	-0.82	-0.31	-0.31	0.67	-0.4	0.21	-0.62	-1.06	0.2	-0.17	-0.42	0.14	-0.52	0.09	0.83	-0.26	-0.14	-1.04	-0.27	-0.15	0.74	-0.08	0.11	NA	-0.33	NA	0.6	-0.35	-0.86	-0.1	0.24	0.4	-1.18	-0.17	-0.44	0.41	-0.46	0.05	-0.21	-1.24	0.68	1.18	-0.75	-0.6	0.76	0.38	0.13	-1.1	-0.77	-0.48	-0.05	-1.07	0.21	-1.46	2.29	1.43	1.42	2.04	-0.48	0.39	-0.19	-0.45	0.05	-0.27	0.33	-0.65	-0.71	0.57	-0.26	-1.06	-0.17
RPMI8226_NCI60	0.38	0.92	0.67	0.34	0.41	1.29	0.54	0.79	-1	-0.18	-0.73	0.29	-0.44	-0.72	1.09	2.12	3.08	-0.28	-0.79	0.98	-0.16	0.31	-0.33	0.23	-0.51	-0.19	-0.98	-0.07	1.04	1.47	-0.22	-0.41	NA	-0.55	-0.39	-0.38	1.17	0.59	0.33	-1.01	NA	0.29	5.17	-0.45	-0.21	1.29	1.05	0.66	0.82	0.46	-0.18	2.79	0.44	0.2	6.18	0.99	0.98	0.79	1.07	-0.65	0.29	1.05	0.07	0.5	0.65	-0.83	-0.35	5.42	0.59	0.69	-1.11	0.86	-0.36	-0.03	-0.88	-0.36	-0.08	0.81	0.44	1.58	0.96	-0.19	-0.59	-0.65	3.58	0.64	0.4	-0.19	0.41	0.8	-0.18	0.7	0.47	-0.08	1.07	0.62	1.66	0.49	-1.09	-0.05	-0.35	NA	-0.64	-0.19	-0.11	-0.74	1.01	-0.4	-0.37	0.14	0.18	-0.01	0.25	-0.38	5.57	0.62	0.06	-0.54	0.36	0.83	3.92	-0.2	0.94	-1.45	0.42	-0.81	-0.24	0.18	-0.13	0.46	0.41	-1.04	-0.51	0.64	-0.74	1.35	0.29	0.28	2.99	-1.44	0.49	0.61	2.47	-0.66	0.65	0.96	-0.53	1.73	-4.7	0.67	-0.3	0.28	1.3	1.01	0.97	-0.42	2.98	0.12	1.02	-0.3	1.67	0.04	0.66	1.94	0.68	0.39	0.2	0.47	0.67	0.56	2	-0.15	2.2	0.46	-0.57	-0.05	2.8	3.82	1.01	1.95	0.66	0.76	2.16	-0.17	0.09	-0.32	0.82	-1.02	0.83	1.8	0.1	-0.65	0.83	0.5	2.69	0.08	0.52	NA	1.4	1.41	1.01	0.17	-0.49	-0.87	0.24	0.46	-1.13	-0.17	-0.56	0.37	-0.28	NA	NA	NA	1.01	NA	0.08	-0.1	0.89	0.38	0.09	0.51	0.78	-0.85	0.8	-1.07	0.68	0.65	1.59	-0.32	-0.28	1.62	-0.3	0.47	1.02	-1.02	1.19	0.22	0.49	-0.22	-0.91	-1.23	-0.71	-0.42	-0.29
RXF393_NCI60	-1.42	0.35	-1	0.36	0.17	0.18	0.19	-0.07	-1.64	0.59	-0.25	0.47	-0.05	-0.17	-0.06	-0.07	-0.19	0.55	-0.94	-0.42	NA	-0.33	-0.35	0.19	-0.13	-0.23	-0.81	-0.2	-0.34	1.14	-0.09	0.19	NA	NA	-0.02	-0.38	-0.59	0.21	0.2	-0.85	-1.26	0.15	0.72	-0.11	-0.21	NA	-0.23	-0.44	-0.34	-0.2	-0.19	-0.04	-0.01	-0.2	-0.18	0.59	1.63	0.75	0.51	-0.63	0.97	NA	0.26	-0.45	-0.44	-0.79	-0.06	-0.12	0.01	-0.34	0.84	0.05	-0.37	-0.31	-0.64	-0.68	0	-0.41	0.32	-0.31	0.46	-0.58	-0.55	NA	-0.29	-0.42	NA	-0.18	NA	0.91	0.74	-0.47	-2.33	-0.74	-0.6	-1.21	-0.06	0.15	0.11	NA	-0.84	-1.07	0.08	-0.64	-0.01	0	NA	-0.42	0.06	0.21	1.47	0.56	0.46	-0.09	0.95	0.35	-0.1	0.72	-0.14	NA	NA	-0.2	0.89	-1.05	0.3	0.25	0.47	NA	-0.91	-0.07	0.45	0.73	0.81	0.6	1.41	NA	1.26	1.37	NA	1.21	-0.09	0.34	-0.41	0.16	1.19	0.53	0.08	0.7	1.74	0.08	-0.4	NA	0.59	-0.01	2	-0.42	-0.2	-0.63	0.34	1.83	0.39	NA	0.55	-0.38	-0.17	0.69	0.59	0.47	0.28	-0.88	NA	-0.15	-0.05	-0.32	0.37	-0.68	-0.16	0.05	0.22	-0.15	-0.45	-1.24	0.27	-0.17	0.17	-0.55	-0.49	1.05	0.83	-0.41	1.38	-0.29	0.04	0.37	1.57	0.17	-0.11	NA	0.74	1.52	1.26	0.56	-0.25	0.61	0.24	0.46	-0.85	-0.17	0.03	0.37	-0.29	0.08	0.07	-0.84	-0.6	-1.6	0.34	0.03	-1.2	0.38	0.72	0.22	1.65	-0.27	0.38	1.26	0.58	-0.28	-0.3	0.13	0.02	1.5	-0.14	0.48	-0.05	0.46	0.54	1.06	0.49	0.99	-0.29	1.44	0.06	0.16	0.07
SF268_NCI60	0.52	0.06	0.1	0.31	0.14	-2.37	-0.64	0.29	0.29	0.47	0.58	0.47	0.54	0.56	-0.09	-0.87	-0.19	-0.5	-0.86	-0.44	-0.16	0.24	-0.13	0.19	0.62	-0.23	0.22	0.61	0.24	-0.32	-0.22	0.6	-0.22	0.18	-0.21	-0.38	-0.22	-0.03	0.17	0.33	-0.47	0.15	-0.41	0.4	-0.21	-0.7	1.22	0.12	0.58	0.07	-0.18	-0.24	-0.56	-0.94	-0.18	0.39	1.89	-0.92	-0.59	-0.42	0	-0.03	-0.21	0.58	-1.41	-0.29	1.42	0.43	-0.09	0.21	0.1	0.14	-0.37	0.27	0.54	-0.02	NA	0.05	-0.59	-0.88	0.08	-0.58	-0.72	-0.98	-0.33	0.25	-0.14	-0.17	-1.08	-1.02	1.5	0.08	-1.06	0.15	-0.07	NA	-0.27	0.9	-0.45	-0.36	0.25	-1.2	0.45	-0.22	-0.21	0.37	0.23	-0.25	-0.91	-0.07	-1.29	-0.92	0.48	-0.57	-0.19	-0.1	-0.51	-0.33	1	-0.27	-0.67	-0.2	-1.1	0.4	0.42	0.96	0.22	-0.82	1.08	0.46	-0.1	-0.4	NA	-1.28	0.65	-0.18	-0.34	0.37	0.94	0.38	NA	0.48	-0.41	0.71	0.29	0.58	-0.27	-0.06	0.23	-1.06	-0.5	-0.02	1.03	0.48	-0.41	-0.22	-0.2	1.02	0.49	-0.04	-0.75	-1.13	0.29	-0.44	-0.13	-1.1	0.59	0.47	-0.57	-0.65	-0.86	-0.15	0.04	-0.42	-0.34	-0.73	-0.31	0.09	-0.36	-0.92	0.79	0.7	-0.12	-0.17	-0.26	0.99	-0.41	0.58	-0.26	-1.43	-0.44	-0.88	-0.48	-0.53	0.12	-0.16	-0.13	-0.58	-0.45	0.73	-0.43	-0.57	-0.58	-0.16	0.24	0.4	0.55	-0.17	-0.75	0.41	0.25	1.26	-0.13	0.1	-0.24	0.15	0.13	0.87	-0.14	0.38	-0.29	0.05	-0.75	0.96	0.8	0.24	-0.04	0.04	-0.48	0.93	1.06	-0.88	0.02	0.48	-0.31	0.88	0.67	-0.02	0.58	-0.96	-0.2	0.73	0.81	-0.63	-0.56
SF295_NCI60	0.54	0.13	-0.08	0.36	-0.09	0.22	-0.18	-0.09	0.92	0.31	0.73	0.47	0.44	0.74	0.44	0.32	-0.19	1.45	1.49	-0.41	-0.16	0.24	-0.4	0.21	0.14	-0.23	0.99	0.65	0.54	-0.12	-0.22	0.48	-0.22	-0.01	-0.27	-0.38	-0.16	-0.37	0.49	-0.08	-0.58	0.29	-0.12	0.47	-0.21	-0.7	0.41	0.39	0.76	-1.12	-0.21	-0.17	1.1	0.36	-0.18	-1.39	0.07	-0.86	-0.9	-0.9	0.04	-0.22	0.13	0.09	0.71	-0.83	1.15	-0.26	0.6	0.23	1.17	-0.25	-0.37	0.69	0.99	0.64	0.41	0.37	-0.48	-0.84	-0.56	-0.58	-0.39	0.4	-0.13	0.25	0.5	-0.18	0.27	0.92	0.49	0.27	0.5	0.72	0.01	-0.29	-0.6	1.1	-1.01	-0.1	0.54	0.91	0.38	-0.64	-1.16	0.27	-0.06	-0.25	0.21	-0.15	-0.77	-1.17	-0.31	-0.03	-0.49	0.23	0.27	-0.08	0.44	-1.46	0.18	-0.2	0.98	-0.32	0.42	0.71	0.22	0.91	0.81	0.42	0.15	1.28	0.62	0.45	-0.01	1.49	0.29	-0.42	0.19	0.26	-0.74	0.23	-0.41	0.68	0.08	0.81	-0.48	0.2	-0.01	1	-0.36	-0.08	0.39	0.48	0.04	-0.42	-0.2	1.01	0.53	-0.37	-0.23	1.57	-1.37	-0.36	-0.56	0	-1.26	0.41	-0.56	-0.78	-0.82	-0.15	0.3	0.38	-0.42	0.34	-0.31	0.13	0.12	-0.92	1.58	0.77	-0.06	-0.17	0.03	0.86	0.75	-0.48	0.98	-1.24	-0.4	-0.92	-0.18	0.1	1.11	0.03	3.68	0.09	-0.03	1.32	1.22	-1.3	-1.12	0.22	0.24	0.4	1.72	-0.17	1.18	0.41	0.53	0.04	1.02	0.18	0.54	1.69	-0.2	1.44	0.58	0.38	0.39	0.46	-0.83	0.96	0.8	1.11	0.05	0.88	0.25	1.31	1.43	NA	0.46	0.48	-0.27	0.88	-1.34	0.77	0.17	0.47	-1.38	-0.77	0.74	-0.35	-0.13
SF539_NCI60	0.6	0.11	0.42	0.39	0.56	-1.48	-1.05	0.5	-0.3	0.87	0.6	0.47	0.68	0.65	0.31	-0.89	-0.19	0	-0.7	1.66	-0.16	0.11	-0.4	0.27	0.05	-0.23	0.67	0.65	0.56	1.12	-0.22	0.68	-0.22	-0.11	-0.04	-0.38	-0.36	-0.59	0.39	-0.35	0.09	0.29	0.7	1.35	-0.21	-0.67	0.94	0.37	-0.01	2.84	-0.19	-0.87	0.17	0.37	-0.18	0.53	-0.88	0.51	0.24	-0.54	-0.24	-0.06	0.02	0.35	0.62	-0.83	0.63	0.12	0.47	0.46	1.97	0.55	-0.36	0.12	1.22	0.5	NA	0.6	0.3	2.54	-0.2	-0.58	-0.59	0.32	-0.51	0.67	0.57	-0.18	0.31	0.88	0.13	0.11	0.47	0.54	0.08	NA	-0.58	1.1	-0.25	3.69	-0.83	0.03	0.63	0.43	-0.87	1.61	0.7	-0.38	0.47	-0.18	-0.59	-0.31	0.41	0.38	0.19	1.78	0.09	0.02	0.67	0.22	0.47	-0.2	0.94	-0.47	0.42	0.91	0.66	0.12	0.91	0.46	0.42	-0.64	-0.57	-0.02	0.55	-0.75	-0.92	0.58	-0.08	0.33	1.14	1.7	-0.41	0.71	0.75	-0.78	-0.39	0.47	0.53	0.99	-0.39	3.56	0.52	0.55	NA	-0.42	-0.09	1.96	NA	0.27	-0.84	1.23	1.1	-0.84	0.7	0.71	0.71	0.47	-0.57	-0.24	-0.58	NA	0.03	-0.7	-0.44	-0.51	-0.31	-0.09	-0.74	1.87	1.43	0.51	-0.1	-0.17	-0.55	0.99	0.83	0.79	0.68	1.77	1.98	-0.58	0.35	-0.67	-0.24	-1.4	-0.86	-0.03	-0.28	1.04	0.88	0.53	-0.4	1.28	0.24	0.4	0.89	-0.17	-0.16	0.41	0.47	-0.17	0.34	1.88	-0.11	-1.37	0.75	1.03	-0.29	0.38	1.36	0.55	-0.7	0.96	0.45	1.76	0.43	0.75	-0.05	-1.15	-1.23	-0.61	0.41	0.48	0.07	0.88	0.96	0.29	0.49	-0.5	-1.37	0.79	0.91	-0.34	-0.43
SKMEL2_NCI60	-1.92	0.14	-0.15	0.41	-0.96	0.52	-1.05	0.46	-1.38	-0.98	-0.89	-0.57	-0.71	-0.95	0.74	-0.11	-0.19	0.09	1.36	-1.77	-0.16	-1.47	-0.4	0.36	-0.72	-0.23	-0.67	-1.87	-0.97	-1.51	-0.22	-1.06	-0.22	-0.27	-0.03	-0.38	2.08	NA	0.39	-1.08	NA	0.28	-0.61	-1.25	-0.21	0.1	-0.99	-0.9	-0.88	-0.16	-0.19	0.77	-0.94	-0.01	-0.18	0.44	0.02	-0.57	0.96	-1.4	-0.34	0.98	0.28	-0.67	-0.53	-0.83	-0.59	0.15	-0.53	-0.46	-1.04	-0.09	-0.07	-2.57	0.03	-0.68	-0.1	-0.6	-0.38	-0.34	-0.05	-0.58	-0.58	-0.6	0.6	-0.91	-0.2	-0.18	0.48	0.87	-1	-0.69	0.52	-1.52	0.24	-0.15	-0.48	-1.18	0.49	-1.08	-1.53	1.21	-0.94	-0.1	0.26	-0.77	1.32	-0.37	-0.32	-0.19	-0.04	0.08	1.39	-1.51	NA	-1.03	0.63	-0.91	-0.45	NA	-0.67	-0.2	0.46	-1.9	-2.38	-1.44	-1.1	0.47	-1.57	0.45	0.75	-0.45	1.06	NA	0.45	-0.8	-0.67	-0.05	NA	0.25	-0.51	-1.69	-0.41	-0.26	0.84	-1.49	0.35	0.22	0.41	0.13	-0.67	-0.5	-0.38	-1.62	0.26	-0.42	-0.2	-0.63	-0.95	0.13	0.02	-0.3	0.37	1.02	-0.44	-0.05	-1.3	-0.77	-0.57	-0.94	0.13	-0.15	0.12	-0.82	0.04	-0.15	-0.28	0.21	-0.5	-0.92	-1.41	-2.75	-3.27	-0.17	-0.02	-0.45	-0.95	-0.56	-0.27	-0.27	0.57	1.73	-0.43	-0.21	NA	0.27	-0.86	NA	-0.61	0.26	-3.15	-0.41	-0.35	-0.04	0.24	-2.55	-1.13	-0.17	-0.3	0.41	-0.85	-1.07	-0.31	-0.86	0.3	1.18	-0.44	NA	0.41	0.38	0.32	-1.31	0.9	-1.9	0.35	-1.07	0.11	-0.78	-0.81	0.88	0.53	-0.62	-0.62	0.47	1.11	-1.83	-0.85	-2.14	0.06	-0.33	-1.19	-1.23	-1.79	-0.22	-0.47
SKMEL28_NCI60	-0.83	-1.59	-2.36	-0.35	-0.75	-1.47	-0.12	0.31	-1.53	-0.6	-0.78	-1.16	-0.75	-0.81	0.11	-0.95	-0.19	0.05	-0.11	-0.25	-0.16	0.03	-0.34	0.3	-0.48	-0.23	-0.7	-0.4	-1.01	0.19	-0.22	-0.82	-0.22	-0.01	0.04	-0.38	-0.73	-0.51	-0.06	-0.48	0.48	-1.15	-0.61	-1.04	-0.21	-0.7	-0.47	-0.94	-1.13	0.04	0.07	-0.03	-0.69	-0.38	-0.18	0.25	NA	0.87	-0.72	-1.15	0.43	1.2	0.21	-0.56	-0.35	-0.83	-0.49	-0.36	-0.78	-0.51	-1.15	-0.04	-0.38	-0.06	-1.16	-0.68	NA	-0.69	0.1	0.47	-0.1	-0.58	-0.84	1.09	-0.37	0.78	0.01	-0.18	-0.36	-0.65	-0.31	-1.08	0.48	-1.12	-0.87	-1.09	-0.33	-1.26	-0.98	0.01	-0.41	-0.88	-1.15	-0.99	-0.34	-1.46	0.66	-0.42	0.49	0.12	-2.33	1.58	-1.62	-1.67	-0.39	0.52	-0.13	-0.26	-0.31	0.41	NA	-0.2	-0.63	-1.13	0.3	-1.13	-1.33	0.69	-1.25	-2.07	0.44	-0.91	-1.25	-1.26	-0.77	-0.8	-1.05	-0.03	-0.32	-2.23	0.26	-1.69	-0.41	-1.49	0.84	-0.69	1.78	0.95	-0.66	-0.07	-0.79	-0.39	-0.29	-0.98	0.8	-0.42	-0.2	-0.63	-1.37	NA	-0.5	-0.03	-0.4	-0.37	-0.19	-0.49	-0.4	-0.9	3.75	-0.69	-1.41	-0.15	0.04	1.51	-0.87	0.65	-0.31	-0.02	0.48	0.1	-1.31	-3	-0.91	-0.17	-0.12	-1.06	-0.2	-1.11	-1.63	-0.77	-1.04	1.48	0.08	-0.01	-0.85	0.6	-0.86	-0.62	0.14	NA	0.74	0.24	-0.66	-0.45	0.24	-0.43	-0.92	-0.17	0.04	NA	-0.69	-0.71	-0.32	0.23	-0.22	-0.76	-1.28	-1.32	-1.05	NA	-1.01	-0.36	-1.05	-0.68	-0.53	-1.07	0.15	-0.64	-1.24	-0.54	-0.76	-1.15	-0.18	0.47	0.28	-1.46	-0.25	0.04	-2.32	0.17	-0.3	-1	-1.69	0.05	2.37
SKMEL5_NCI60	0.32	-0.86	-0.37	0.43	-0.17	-1.31	-0.21	0.42	1.15	-0.41	-0.26	0.47	-0.28	-0.09	0.6	1.4	-0.19	-0.04	1.67	0.26	-0.16	0.58	-0.14	0.26	-0.05	-0.23	0.47	0.62	0.27	-0.52	-0.22	-0.38	-0.22	-0.1	NA	-0.38	-0.68	0.1	0.66	-0.18	-1.26	0.3	0.34	1.41	-0.21	-0.7	-0.55	0.24	0.6	0.06	0.14	0.66	-0.02	0.92	-0.18	0.38	1.54	-0.25	-0.51	0.03	-0.34	1.44	-0.66	0.46	0.53	0.42	0.03	0.15	-0.12	0.39	0.31	0.38	-0.37	0.4	0.62	0.31	0.26	0.28	0.81	1.13	-0.08	-0.58	-0.13	1.06	-0.19	0.73	0.67	-0.16	-0.65	-0.21	-0.21	0.23	0.29	0.31	0.54	1.14	0.47	-0.23	-1.51	-0.46	-0.15	0.66	0.1	0.26	0	1.11	0.57	-0.42	0.64	2.08	-0.48	0.25	0.15	-0.07	1.14	-0.55	1.55	-1	-0.4	-0.45	1.85	-0.2	-0.74	0.46	0.42	0.37	-0.12	0.88	-0.04	0.46	0.5	0.03	NA	-0.24	-1.75	NA	-0.99	0.69	0.16	-0.73	NA	0.44	0.91	0.52	0.74	0.24	0.02	0.07	0.61	-0.89	-0.49	-0.04	0.22	-0.26	0.54	NA	-0.2	-0.63	-0.63	0.78	0.48	NA	0.99	0.69	0.4	0.51	0.59	0.47	-0.57	0.18	0.74	-0.15	-0.95	0	-0.6	-0.22	-0.31	0.42	1.87	0.94	0.52	0.55	1.04	-0.17	0.2	0.39	0.14	-0.99	-0.98	0.38	1.39	0.41	0.25	-0.21	-0.26	0.42	0.63	0.36	0.59	NA	0.97	0.31	-0.31	0.86	0.24	0.4	0.63	-0.17	0.03	0.41	0.38	0.6	1.35	0.51	0.67	0.7	0.05	-0.42	0.79	0.38	0.09	0.32	-0.76	0.47	0.41	0.24	0.43	0.18	0.4	0.07	-0.06	-0.36	0.47	0.48	1.17	0.43	0.61	1.5	0.49	1.1	-0.21	-1.14	0.19	0.09	0.59
SKOV3_NCI60	-1.45	0.61	0.89	-0.37	-0.8	1.34	-1.05	-1.29	-1.31	-0.65	-0.32	0.15	-0.08	-0.33	3.32	-0.87	-0.19	-1.88	1.65	-0.91	-0.16	-1.69	-0.22	0.05	-0.61	-0.23	-0.33	-1.23	-0.81	-0.57	-0.21	-0.51	-0.22	0.22	-0.27	-0.38	1	4.52	0.31	-0.87	-0.42	0.28	-0.38	-0.15	-0.21	NA	-0.94	-0.44	0.31	-1.08	-0.19	-0.64	-1.17	-0.09	0.08	-1.19	-1.27	NA	-1.34	-0.61	NA	-1.29	0.06	-0.94	0.93	0.18	-0.73	-0.47	-0.25	-0.27	-0.7	0.28	-0.37	0.25	-0.46	-0.24	NA	-0.4	-0.21	-0.04	-0.52	-0.58	-1.02	-0.88	-0.51	-1.35	-0.01	-0.18	NA	0.58	-0.8	0.17	0.75	-0.72	-0.61	-0.72	-1.58	0.5	1.36	NA	-0.13	-1.43	0.2	-0.33	0.25	-0.32	-1.27	-0.42	0.64	-0.08	-0.27	-1.32	-0.47	-0.09	-1.1	-0.88	0.66	-0.58	-0.94	-0.44	-0.67	-0.2	0.94	0.19	0.42	0.38	-0.59	-0.33	-0.66	0.33	0.24	-0.37	0.38	0.71	-0.24	-0.8	0.66	-3.2	-0.72	-0.02	-1.18	-1.55	-0.41	0.67	-0.35	-1.49	1.33	-1.01	0.17	-0.91	-0.44	-0.61	-0.97	-0.83	-1.35	-0.42	-0.2	-0.57	0.3	-2	0.26	0.14	-0.93	-0.73	0.66	0.32	-1.64	0.47	-0.57	-0.77	-1.65	-0.15	-0.67	1.13	1.43	2.18	-0.31	-0.11	-0.96	-0.46	-1.28	NA	-0.52	-0.17	2.4	-1.15	-0.47	0.71	0.98	-1.03	0.64	-0.89	-0.53	2.71	-1.21	-0.25	NA	-0.61	-0.56	0.35	0.16	-0.31	2.67	0.42	0.24	0.35	0.29	NA	-0.48	0.41	-0.26	-0.27	0.6	0.07	0.46	-0.98	-0.94	-0.1	0.56	0.38	-1.01	-0.14	0.08	0.57	-0.34	-0.15	0.54	-0.24	-2.42	-0.85	-1.04	0.22	-0.44	0.48	-0.45	0.48	-1.43	-0.99	0.49	-0.55	0.65	0.33	-0.09	0.54	-0.51
SN12C_NCI60	0.61	-0.05	-0.88	0.16	0.87	-0.1	3.4	0.08	0.91	0.46	0.61	0.47	0.72	0.55	1.16	-0.91	-0.19	-0.59	-0.82	-0.08	0.51	0.25	-0.4	0.16	0.5	-0.23	0.56	0.61	-0.08	-0.18	-0.22	0.92	4.81	-0.07	-0.31	NA	-0.52	NA	-0.03	0.38	0.48	0.27	-0.61	0.31	-0.21	-0.7	-0.16	0.47	0.6	0.13	-0.19	-0.86	-0.79	0.95	-0.15	0.44	-1.27	-0.83	0.06	1.18	NA	-0.96	1.04	-0.39	-0.6	1.27	-0.64	-0.14	0.24	0.31	0.17	0.29	-0.03	-0.64	0.7	0.62	-0.91	0.45	-0.76	-0.52	-0.07	-0.29	-0.1	-0.67	-0.53	-0.97	-0.25	-0.18	-0.33	-0.86	-0.7	0.33	0.66	0.27	0.14	NA	0.09	0.9	0.58	0.58	-0.01	-0.05	1.1	0.65	1.27	0.2	-0.77	-0.42	0.75	-0.44	-0.08	-0.26	0.03	0.56	-0.74	0.46	-0.91	-0.17	-0.19	0.76	-0.67	-0.2	0.04	1.02	-0.02	0.76	0.16	-0.44	0.9	0.34	0.26	1.01	0.45	0.29	0.4	0.73	0.26	-0.46	-1.01	0.42	NA	0.11	-0.41	0.71	-0.75	-1.49	-0.84	-0.05	-0.32	-0.41	-0.31	-0.32	0.85	0.69	-0.04	NA	-0.2	-0.63	0.25	NA	-1.14	0.92	0.11	-1	-0.3	0.59	0.59	0.47	-0.57	-0.77	-0.91	-0.15	-0.03	-0.35	0.5	-0.64	-0.31	0.28	-0.37	0.29	1.06	0.77	-0.7	-0.17	-1.01	0.91	-0.28	0.73	-0.98	-0.14	0.13	-0.81	-0.68	-0.77	-0.55	-1.26	-0.86	-0.58	-0.6	-1.01	-1.1	0.22	-0.38	0.17	0.24	0.4	0.85	-0.17	-0.18	0.37	0.56	1.02	-0.48	0.11	0.17	1.37	1.04	1.49	0.1	0.38	0.38	0.27	0.94	0.96	0.45	0.43	0.15	0.73	-0.46	0.72	1.02	-0.8	0.78	0.48	-0.63	0.88	-0.1	0.32	0.39	-0.91	0.55	1.3	0.84	0.77	-0.45
SNB19_NCI60	-0.36	-3.29	-1.93	0.18	-1.4	-2.37	-1.05	0.04	-0.94	-0.48	-0.35	-0.98	-0.67	-0.17	0.52	-1.07	-0.19	-2	-1.09	-0.91	-0.16	-0.11	-0.4	0.2	-0.35	-0.23	0.57	0.22	-0.86	-0.91	-0.22	-0.38	-0.22	0	-0.16	-0.38	-0.92	-0.59	0.14	0.03	0.42	0.21	-0.11	0.45	-0.21	0.19	0.01	0.46	0.82	0.12	-0.19	-1.14	-0.63	0.25	-0.18	-0.45	-1.27	-1.48	-1.56	0.41	0	-1.54	-0.58	0.2	0.06	0.44	-0.2	-0.31	0.23	0.64	-0.45	0.01	-0.37	0.65	1.18	-0.62	NA	0.12	0.31	-0.99	-2.29	-0.58	-0.43	-1.03	-0.44	0.08	-0.02	-0.18	-0.25	-0.18	-0.38	0.15	0.28	0.02	0.65	-0.53	-0.16	0.51	-0.55	-0.63	0.06	-0.49	0.72	-0.71	0.46	0.48	0.74	-0.42	-1.02	-2.46	-1.73	-1.31	-0.81	0.63	-1.1	-0.57	-0.42	-0.38	-0.18	-0.95	0.05	-0.2	0.89	0.44	0.42	0.7	0.53	-1.94	-0.28	-2.69	0.34	NA	NA	-0.12	-0.87	-0.8	-0.45	-0.09	-1.81	-0.31	0.76	-1.74	-0.41	0.71	0.69	-1.49	-0.17	-1.2	-0.15	0.01	-0.35	-0.48	0.47	-0.22	0.09	-0.42	-0.2	-0.63	0.84	NA	-1.17	0.95	0.21	-0.66	0.39	0.23	0.59	0.47	-0.14	-0.83	-1.41	-0.15	-0.84	-0.81	-0.72	-0.56	-0.31	-0.07	-1.23	-0.46	-0.9	0.29	-0.7	-0.17	-1.85	0.34	-0.68	-1.28	-0.38	-1.05	-2.65	-0.76	-0.79	-1.1	-1.12	-1.27	-0.61	-1.58	-0.64	-0.01	-1.49	-1.48	-0.77	-3.08	0.24	0.32	0.91	-0.17	-0.8	0.41	0.71	-1.4	-0.77	-0.69	1.09	0.38	-1	-0.54	1.08	0.38	-1.28	0.35	-1.6	0.55	0.18	-0.17	0.19	0.72	-1.29	-0.18	-0.11	0.21	0.79	0.48	-0.37	0.71	-0.82	0.06	0.12	-0.85	-0.2	-1.31	0.64	-0.34	-0.61
SNB75_NCI60	-1.48	-0.11	-0.37	-0.38	-1.05	-0.95	-0.09	-0.16	-1.51	-0.05	-0.25	-0.75	-0.23	-0.04	-2.37	-1.07	-0.19	0.33	0	-1.11	-0.16	-0.97	2.11	0.22	-0.22	-0.23	0.34	0.24	-0.16	0.57	-0.15	0	-0.22	-0.1	0.09	-0.38	0.04	-0.59	0.47	-0.96	0.07	-0.1	0.78	-0.8	0.92	0.76	0.66	-0.07	0.69	-0.6	0.21	-0.29	-0.1	0.14	-0.19	0.65	0.4	-0.29	-0.01	-0.78	-0.19	-0.97	-0.7	0.21	0.1	-0.83	0.08	0.49	-0.04	0.26	0.57	0.87	-0.13	-1	0.29	-0.14	NA	-0.08	-0.29	-0.68	-1.08	-0.58	-0.42	-0.57	-0.23	0.71	1.19	-0.03	1.79	0.92	-0.08	-0.65	0.69	0.34	-0.15	NA	-1.31	0.93	0.51	NA	-0.61	-0.57	0.78	-1.39	-0.85	0.24	-0.05	-0.35	0.24	-0.06	0.16	-0.63	-0.12	-0.57	0.02	-0.29	0.14	0.14	0.41	-1.46	-0.67	-0.2	0.94	0.02	0.54	0.68	0.6	0.26	0.16	0.46	0.2	0.67	0.93	0.34	1.86	0.01	0.27	0.36	NA	1.91	-0.62	0.63	-0.2	0.55	1.62	0.55	-0.08	0.35	0.44	1	-0.47	-0.29	0.8	-0.21	1.05	1.63	-0.2	-0.63	0.12	0.71	0.27	1.27	0.55	-0.73	0.87	0.62	0.71	0.47	0.79	-0.21	-0.96	NA	-0.45	-0.27	-0.19	0.68	-0.31	0.3	1.23	1.24	-0.18	0.4	-2.45	-0.17	-0.13	0	-0.21	1.36	0.83	NA	0.22	-0.88	-0.21	-0.79	0.84	-0.15	1.35	0.52	-0.05	1.37	1.1	-0.41	-0.39	0.62	0.24	-0.12	0.18	-0.17	0.04	0.45	0.58	-0.27	1.61	0.34	0.48	-0.42	-1.14	0.06	0.39	0.34	-0.27	0.08	-0.39	-1.04	0.09	0.68	0.68	0.07	-1.02	0.98	0.56	0.01	0.53	0.48	1.23	0.5	0.88	-0.29	0.49	0.79	-0.69	1.45	0.24	1.7	-0.07
SR_NCI60	0.64	1.68	0.83	0.14	2.1	-0.1	1.27	1.37	0.69	2.25	1.98	NA	2.45	2.1	-2.37	1.9	-0.19	0.99	-1.13	1.29	-0.16	0.58	1.54	0.15	2.53	NA	1.16	0.64	1.32	0.73	-0.22	2.16	0.16	0.48	NA	1.43	1.21	0.19	0.51	1.07	-1.26	0.27	-0.61	0.84	NA	2.18	1.86	1.65	0.82	-1.28	NA	0.08	3.99	0.92	-0.18	1.53	-0.06	NA	-0.53	-0.38	-0.34	0.95	1.13	NA	0.34	-0.2	1.38	-0.26	2.21	2.22	1.15	0.49	NA	0.93	-0.06	NA	NA	2.65	NA	1.54	NA	-0.58	1.22	1.14	0.09	1.5	2.08	NA	0.6	0.92	1.44	2.1	0.59	0.3	1.99	NA	1.28	0.98	-0.01	NA	0.51	3.3	1.15	0.28	0.37	0.84	NA	0.81	0.88	1.36	0.24	-0.07	NA	NA	-1.1	1.07	1.08	NA	3.26	1.86	1.37	NA	0.98	-0.45	0.3	0.76	0.31	-0.82	1.66	0.41	0.21	0.86	-0.78	NA	NA	1.58	1.68	0.76	-0.28	0.39	NA	1.21	0.38	0.7	-0.92	NA	-0.84	-0.35	-0.9	1	-0.4	NA	0.77	1.12	NA	2.54	3.96	-0.57	2.43	1.7	1.23	3.64	2.2	NA	1.26	0.62	0.59	0.47	0.95	0.05	1.49	-0.15	1.79	-0.08	-0.12	0.39	-0.31	0.21	1.54	-0.92	2.23	0.7	1.65	NA	0.32	NA	1.94	-0.88	0.98	NA	0.23	-0.18	0.94	0.22	2.34	-0.06	2.1	1	1.63	NA	0.92	0.2	-0.89	0.09	0.24	0.4	1.73	-0.17	3.55	0.41	2.46	0.6	2.37	1.38	-0.04	0.02	2.96	2.24	-0.09	0.38	NA	2.93	-1.4	-0.3	0.51	3.74	0.68	1.98	1.02	0.27	0.3	1.2	2.06	0.47	1.57	0.88	1.17	0.4	0.49	1.35	-0.21	-0.79	1.68	-0.23	-0.07
SW620_NCI60	0.57	-0.16	-0.18	0.37	0.16	0.2	-0.13	0.96	0.48	-0.4	-0.54	0.47	-0.16	-0.51	-0.16	-0.09	-0.19	1.61	-0.96	-0.1	-0.16	-0.33	-0.35	0.11	-0.41	-0.23	0.24	-1.41	-0.52	0.27	-0.22	-0.24	-0.22	1.27	-0.33	-0.38	-0.06	-0.24	0.37	-0.29	0.08	0.29	-0.61	-0.15	-0.21	-0.7	0.9	0.82	0.65	0.02	-0.18	-0.48	0.64	0.63	-0.18	0.45	-0.07	1.07	-0.08	-0.16	-0.34	0.97	-0.3	2.59	0.96	-0.49	-0.36	-0.22	0.28	0.34	-0.77	0.47	-0.37	0.75	0.48	-0.12	-0.8	0.11	0.22	-0.26	-0.1	2.1	0.9	-0.22	-0.3	0.77	0.51	-0.17	-0.95	-0.87	-0.79	0.41	0.71	0.54	0.44	-0.72	1.86	-0.61	-0.74	1.32	0.32	-0.67	-0.03	1.02	-0.16	0.57	0.59	-0.18	0.94	-0.38	0.11	1.11	-0.03	2.07	0.35	-0.61	0.61	-0.19	0.29	0.78	-0.67	-0.2	-0.1	-0.08	0.42	0.22	-0.7	0.68	-0.16	0.46	0.19	-0.03	-0.6	-2.06	-1.81	-0.8	-0.26	0.47	-0.18	-0.27	-0.7	-0.75	-0.41	0.27	-0.83	-1.38	0.91	0.69	-0.73	-1.19	1.77	-0.54	-0.1	0.62	-0.84	-0.42	-0.2	-0.63	-0.29	-1.94	0.46	-1.34	0.07	0.24	-0.15	0.71	0.48	0.46	2.96	0.39	0.74	-0.15	0.54	-0.49	-1.14	0.79	-0.31	0.09	-0.58	-0.92	-0.22	0.74	0.98	-0.17	0.29	0.69	-0.28	-1.23	-1.53	1.27	-1.35	1.53	-0.35	-0.01	-1.39	-0.15	-0.35	0.03	-0.54	-1.01	0.16	0.46	-0.35	NA	0.24	0.4	0.31	-0.17	0.37	0.41	0.73	0.42	0.43	-0.26	0.16	-1.24	0.3	-0.11	0.51	0.38	-0.44	0.51	-0.45	-0.52	0.8	-0.91	0.68	0.15	0.78	-0.28	-0.03	-0.46	0.59	0.48	1.11	0.77	0.41	-0.11	0.49	0.82	-0.66	-1.22	0.25	-0.74	-0.87
T47D_NCI60	-1.22	-0.06	0.5	NA	1.14	-0.43	-0.09	0.37	-0.66	0.31	-0.48	-0.11	0.37	0.16	0.94	0.14	NA	-0.57	-0.37	-0.44	NA	-0.37	NA	0.46	-0.52	NA	-0.6	-0.67	-0.24	-0.02	NA	0.66	NA	NA	NA	-0.38	-0.89	NA	-2.66	-0.98	NA	NA	-0.61	0.37	NA	0.32	0.24	0.1	0.61	1.42	NA	0.05	-0.63	NA	-0.18	NA	0.11	1.47	0.37	-0.39	NA	-0.08	-0.97	NA	0.12	-0.83	-1.32	1.8	0.88	0.25	-0.38	-0.47	NA	-0.71	-0.29	0.51	NA	NA	NA	-0.65	NA	0.71	0.33	0.37	NA	0.94	NA	NA	1.33	0.91	-1.06	-0.04	-0.9	-0.1	0.22	NA	NA	0.09	1.86	NA	-0.3	NA	0	-0.58	-0.47	-0.66	NA	-0.45	-0.76	-0.47	0.75	-0.45	NA	NA	-0.04	0.5	NA	NA	-0.67	-0.88	-0.67	NA	0.94	-1	NA	0.77	-0.69	-0.44	-0.41	NA	0.14	NA	NA	0.51	NA	-0.8	-0.92	-0.81	0.94	-0.8	-0.85	-0.94	-0.29	0.71	-0.93	-1.41	1.05	0.97	0.3	1	1.74	-0.26	0.03	0.65	0.53	NA	-0.2	-0.63	-0.04	0.22	0.87	-0.17	0.57	0.55	-2.55	-0.26	0.71	0.47	-0.57	1.41	1.18	-0.15	0.79	-0.31	0.39	-0.48	2.79	0.1	-0.75	-0.4	-1.05	0.7	0.58	NA	-0.19	-0.13	3.44	0.19	0.83	-1.45	0.76	-0.98	-0.19	0.01	-0.11	-0.7	NA	-0.31	0.22	NA	1	-2.08	0.05	0.13	0.24	-3.11	-1.11	-0.17	-0.06	-3.57	0.59	-0.11	-0.61	0.02	1.09	-0.92	0.73	-0.65	1.16	NA	0.6	1.05	0.36	-0.26	0.49	-0.13	0.35	0.82	0.96	-1.18	-0.84	-1.39	0.37	NA	-2.34	0.78	0.61	-0.17	NA	1.1	-1.18	-0.4	0.6	0.07	-0.65
TK10_NCI60	-1.63	0.16	0.49	-3.4	-0.53	0.52	-0.47	-1.7	-0.61	-1	-1.24	0.47	-0.91	-1.25	-0.22	-0.33	-0.19	-1.01	0.71	-1.39	-0.16	0.35	-0.37	-0.62	-1.66	NA	-1.51	-0.57	-1.12	-1.31	-0.22	-1.15	-0.22	-0.24	NA	-0.38	0.25	-0.37	-1.91	-1.09	-1.26	-0.96	0.07	-1.25	-0.3	0.9	-0.83	-1.26	-1.01	0.33	-0.18	-0.4	-0.59	-2.48	-0.18	-1.14	-0.02	0.34	-0.18	-1.38	-0.14	-0.31	-0.19	-0.41	-1.33	2.03	-0.99	-1.33	-0.82	-0.77	-0.85	-0.78	NA	-1.22	-0.83	-0.41	-0.78	-0.51	NA	-0.45	NA	-0.58	0.21	-0.48	-0.51	-0.19	-0.21	NA	-0.68	-0.97	-0.87	-1.36	-0.75	-0.02	-0.94	NA	-1.28	-1.06	0.8	0.15	-0.59	-1.31	-1.13	-0.79	-0.79	-0.24	-0.97	-0.45	0.46	0.77	0.89	0.04	NA	NA	-1.07	-2.37	-1.84	NA	-0.47	-0.8	-0.18	NA	-1.07	-0.12	-1.87	-2.13	-1.39	-0.53	-0.44	-1.12	-0.24	-0.6	NA	1.74	0.8	-0.8	0.96	0	0.02	1.26	-0.95	-1.69	NA	-2.14	-1.31	-1.49	-0.84	0.16	0.07	-0.3	1.78	-0.8	-1.25	-0.24	-0.4	-0.42	-0.2	-0.63	-0.05	-1.6	1.11	1.11	-1.26	0.52	-1.84	0.18	-2.16	-1.42	0.15	1.55	0.31	-0.15	-0.03	2.23	1.88	-0.59	0.09	-0.19	-0.74	1.31	-0.97	-1.26	1.24	-0.17	1.6	-1.78	-0.27	1.34	0.68	1.5	-0.39	0.24	-0.52	2.81	-0.28	-0.3	-0.86	-0.73	-0.75	-1.01	-1.74	-0.62	2.67	NA	0.24	0.35	-1.04	-0.17	-0.5	-1.6	-0.29	0.71	-1.3	-1.83	-0.51	-1.23	-0.11	-1.41	-0.78	-2.72	-0.44	-0.75	-0.88	-0.34	0.36	-0.51	-0.84	-0.35	-0.04	-0.59	-1.4	2.56	-0.83	-0.19	-1.39	-1.92	-1.15	-4.27	-1.22	-0.39	0.83	1.15	-1.88	1.31	-0.57
U031_NCI60	0.23	-0.16	-0.18	-1.15	-0.63	-0.17	-0.28	-1.88	-0.4	-0.18	-0.23	0.47	-0.54	-0.18	-1.69	0.13	-0.19	-0.39	-0.52	0.6	-0.16	-0.17	-0.1	-0.48	-0.7	-0.23	-0.75	0.43	0.44	-0.81	-0.21	-0.43	-0.22	-0.31	-0.33	-0.38	0.67	0.39	-2.37	0.17	-1.26	-1.19	-0.61	0.7	-0.21	0.69	-0.59	-1.49	-1.84	-0.12	-0.19	0.88	-0.5	-1.63	-0.02	-0.51	0.37	NA	0.15	0.93	-0.34	0.25	-0.75	-0.43	-0.56	1.55	-0.19	0.25	-1.37	-1.11	0.52	-1.96	-0.37	-0.41	-1.7	-0.68	1.1	-1.06	-2.36	-0.17	-0.32	-0.58	-0.49	4.3	0.36	-0.56	-1.12	-0.18	1.3	0.92	-0.7	-0.73	-0.44	0.2	-1.87	0.79	-0.81	-0.47	0.56	0.16	0.39	0.37	-0.87	-0.13	0.91	0.64	-0.98	-0.42	-0.77	-2.46	0.45	0.46	0.19	-0.02	0.07	-0.36	-2.49	-0.69	-0.62	3	-0.67	-0.2	0.94	0.37	-3.16	0.27	0.89	0.9	-0.46	-0.84	-2.38	0.08	-0.06	1.06	0.7	NA	-0.63	0.89	0.64	1.31	-0.6	1.31	1.49	0.6	-2.16	1.43	0.32	-0.11	0.33	1	0.1	-0.38	-1.18	0.72	-0.44	-0.42	-0.2	NA	0.54	0.46	0.08	-1.57	-0.72	0.54	-2	-1.33	0.59	0.47	-0.57	-0.46	0.86	-0.15	-0.25	0.66	1.23	0.46	-0.31	0.42	2.21	-0.08	-0.22	0.41	-0.57	0.85	0.74	-1.01	-0.4	0.87	0.83	1.84	0.56	0.01	-0.29	0.71	1.29	0.5	-0.48	0.54	-0.13	-1.01	0.23	0.64	0	0.35	-1.02	0.4	-0.09	-0.17	-0.74	-2.34	-0.97	-0.3	-0.59	0.6	-2.99	-0.79	0.68	0.29	-2.26	-3.87	0.65	-0.62	0.12	0.96	-2.18	0.68	-2.15	-0.67	0.71	-0.11	-0.2	-0.03	-0.74	-1.93	-1.3	0.39	-0.45	0.99	-1.46	0.77	0.33	1.1	0.38	2.23	-0.59
U251_NCI60	0.36	-1.09	-0.49	0.26	0.01	-1.23	-0.03	0.78	0.03	0.31	0.16	0.47	0.17	0.33	0.86	-0.13	-0.19	0.4	1.37	-0.32	-0.16	0.25	-0.4	0.31	0.25	-0.23	0.43	0.48	0.12	0.12	-0.22	0.47	-0.22	-0.08	-1.24	-0.38	-0.86	-0.52	0.35	0.02	-0.14	0.29	0.73	0.23	1.49	0.64	0.05	0.64	0.77	0.18	-0.19	-0.32	-0.19	0.69	-0.18	1.32	0.02	-1.28	-0.08	-0.15	-0.34	-0.01	0.28	1.21	0.69	-0.6	0.41	0	0.65	0.79	0.23	0.38	-0.37	1.08	0.88	0.03	-0.83	0.79	0.13	-1.02	0.07	-0.58	-0.24	-0.49	-0.2	0.43	0.14	-0.18	NA	-0.28	0.73	0.54	0.52	0.33	0.67	-1.13	0.65	1.05	-1.32	-0.51	0.33	-0.8	0.98	-0.17	-0.97	0.23	1.07	-0.42	0.45	-0.04	-1.03	-0.76	-0.24	0.03	0.09	-0.08	-0.38	-0.26	0.43	0.19	-0.67	-0.2	0.89	0.36	0.42	0.83	0.37	0.48	0.98	0.41	0.61	1.82	0.84	-0.26	-0.39	0.78	-0.68	0.17	-0.07	-0.37	1.27	0.39	-0.41	0.71	1.1	1.21	-0.84	-0.53	0.04	0.05	0.18	-0.25	0.76	0.42	-0.01	-0.01	-0.2	-0.63	0.44	-1.37	-0.33	0.01	0.99	-0.08	0.19	0.62	0.71	0.47	0.34	0.66	0.31	NA	-0.22	-0.7	-0.57	-0.34	-0.31	0.2	-0.82	0.23	0.15	0.77	0.05	-0.17	0	0.96	-0.07	-0.83	0.81	-0.32	-0.15	-0.66	-0.14	-0.62	0.73	0.13	0.35	0.22	0.07	0.82	0.46	-0.04	0.18	0.29	0.24	0.4	0.61	-0.17	-0.14	0.41	0.64	-0.35	0.3	-0.33	1.09	0.14	0.05	0.08	1.03	0.38	-0.13	0.51	-0.18	0.78	0.5	-0.09	0.26	0.79	0.39	1.43	1.29	0.39	0.8	0.48	0.91	0.88	1.18	-0.04	0.49	-0.06	-0.37	-0.63	0.78	-0.88	-0.29
UACC257_NCI60	-0.38	-0.41	-0.44	-0.33	-0.48	-0.57	-1.05	-0.2	-0.16	-0.56	-0.53	-0.34	-0.45	-0.54	0.05	0.21	-0.19	-0.15	-1.11	-0.8	-0.16	-0.76	-0.15	0.1	-0.37	1.91	-0.43	-0.18	-0.92	-1.07	-0.21	-0.55	-0.22	-0.14	-0.3	-0.38	0.16	0.06	0.32	-0.69	-1.26	-0.09	-0.61	-0.05	0.55	-0.7	-0.48	-0.65	-0.44	0.12	-0.2	-0.63	-0.45	-1.39	-0.18	-0.43	0.83	0.57	-0.84	0.45	0.08	NA	-0.28	-0.6	-1.53	-0.83	-0.36	-0.77	-0.95	-0.27	-0.93	-0.46	0.83	-0.7	-0.84	-0.68	-0.06	-0.84	-0.52	-0.64	0.28	-0.58	-1.09	0.17	NA	0.46	-3.47	-0.18	0.28	-1.25	-0.04	-0.87	0.45	-0.69	-0.37	-0.17	-0.9	-2.03	-0.98	-0.72	-0.7	0.84	-1.84	0.96	-0.75	-1.03	-0.24	-0.41	0.38	2.08	-0.69	2.1	-2.14	-1.86	0.64	-1.67	0.15	-0.91	-0.33	0.22	-0.67	-0.2	-1.25	-0.72	NA	-0.49	-0.2	0.46	-1	-1.03	0.44	-0.74	-0.93	-2.89	-1.04	-0.8	-1.25	-0.61	-0.16	-0.8	-0.38	-1.31	-0.41	-0.75	-0.36	0.36	0.26	0.79	0.27	-0.92	1.84	-0.02	-0.34	-1.16	-0.31	-0.42	-0.2	-0.68	-1.23	NA	0.34	0.31	-0.95	-0.11	-1.21	0.29	0.22	-0.53	-0.57	1.24	0.52	-0.15	0.23	-0.44	-1.34	-0.55	-0.31	-0.31	-0.92	-0.92	-1.06	-1.07	-1.11	-0.17	0.28	-1.16	-0.66	-1.04	-1.1	-0.14	-0.19	1.62	-0.17	0.1	-0.24	0	-0.86	0.35	1.05	-1.01	-1.67	-0.19	-0.38	NA	0.24	-0.04	0.31	-0.17	0.06	-1.82	-0.38	-0.8	-1.32	-0.73	0.48	-0.71	-0.48	-0.74	0.49	NA	-0.57	-0.36	-1.76	-0.32	-1.24	-1.07	-4.31	-0.55	0.08	-1.11	-1.69	-0.59	-0.39	0.48	-0.99	-0.71	-0.69	0.12	-2.7	0.42	-0.06	-1.24	-1.04	-0.14	2.29
UACC62_NCI60	0.63	0.61	0.56	0.41	0.03	0.94	-0.67	0.67	0.61	0.89	1.32	-0.87	0.98	0.93	0.36	0.72	-0.19	0.13	1.22	0.17	-0.16	1.06	1.3	0.39	1.85	-0.23	1.17	0.63	0.75	0.12	-0.22	1.08	-0.22	-0.11	-0.18	-0.38	0.43	0.21	0.61	0.58	0.02	0.29	-0.61	0.51	-0.25	NA	1.87	0.11	0.66	0.21	0.05	0.52	0.56	0.42	-0.18	0.19	-0.11	-0.08	0.43	0.77	-0.34	1.22	-0.12	1.34	0.87	-0.81	0.87	0.25	0.27	0.45	0.52	0.31	-0.37	0.47	1.04	-0.01	NA	0.41	-0.22	0.74	-0.18	-0.58	-0.51	-0.68	-0.17	-1.19	0.01	-0.18	0.83	0.06	1.45	0.69	0.5	0.12	0.27	-0.77	-0.16	0.73	-0.14	0.26	0	0.26	0.32	-0.27	-0.11	-0.24	1.27	-0.35	0.64	1.95	0.44	2.06	1.51	-2.01	0.09	0.56	0	-0.39	1.57	0.03	1.01	-0.2	0.94	0.49	0.42	0.94	0.42	3.84	1.29	0.48	0.15	1.09	1.12	1.04	0.23	1.1	-0.58	0.45	2.14	-0.59	0.33	0.95	-0.41	0.71	0.59	-0.05	2.07	0.35	NA	1	0.54	-0.1	1.37	0.08	2.16	-0.35	-0.2	1.18	0.44	1.16	0.73	0.26	0.14	0.56	0.48	0.4	0.59	0.47	-0.57	NA	-0.18	-0.15	-0.13	-0.31	0.08	-0.32	-0.31	0.32	0.71	0.02	1.32	0.77	0.81	-0.17	-0.23	0.78	NA	-0.83	-0.4	-0.52	0.16	1.55	-0.17	-0.58	-0.24	0.8	-0.41	-0.1	-0.54	NA	NA	-0.52	-0.68	0.19	0.24	0.4	0.77	-0.17	0	0.41	0.17	-0.89	0.29	0.38	0.09	1.7	-0.19	0.67	0.27	0.38	-0.16	0.32	0.8	0.64	0.05	0.3	-0.05	0.43	0.35	1.09	1.2	0.08	0.5	0.48	0.97	0.88	0.37	1.53	-0.32	1.48	0.06	-0.69	1.09	0.09	2.63
