Gene.name	Protein.ID	Intensity
32 TYW5	TYW5	A2RUC4	1.006e+10
52 CNOT1	CNOT1	A5YKK6	1.3814e+11
55 MAP1LC3B;MAP1LC3B2	MAP1LC3B	Q9GZQ8	1.8305e+10
73 METTL15	METTL15	A6NJ78	2980500000
107 ESPN	ESPN	B1AK53	6470400000
120 WASH3P;WASH2P;WASH1	WASH1	C4AMC7	1.4492e+10
266 KIF2A	KIF2A	O00139	4.9288e+10
267 KIF2A	KIF2A	O00139	3.371e+09
269 DDX39A	DDX39A	O00148	1.3876e+11
273 ACOT7	ACOT7	O00154	2.3709e+11
274 MYO1C	MYO1C	O00159	2.3073e+11
276 MYO1F	MYO1F	O00160	1331900000
279 HAX1	HAX1	O00165	4.573e+09
283 STXBP3	STXBP3	O00186	2.4226e+10
288 AP3B1	AP3B1	O00203	1.6571e+11
290 APBB1	APBB1	O00213	3093100000
291 LGALS8	LGALS8	O00214	2772900000
294 NFKBIE	NFKBIE	O00221	5018700000
295 PSMD11	PSMD11	O00231	4.9849e+11
296 PSMD12	PSMD12	O00232	2.5736e+11
297 PSMD9	PSMD9	O00233	1.0179e+11
298 ATOX1	ATOX1	O00244	2.0966e+11
299 MEN1	MEN1	O00255	5808200000
302 SUPT5H	SUPT5H	O00267	1.6178e+11
308 HIP1	HIP1	O00291	2.6956e+10
311 WWP2	WWP2	O00308	4301600000
312 CDC7	CDC7	O00311	3033600000
313 PIK3CD	PIK3CD	O00329	3012800000
318 DCTN6	DCTN6	O00399	1.3527e+10
320 WASL	WASL	O00401	2.1349e+10
321 IPO5	IPO5	O00410	5.6781e+11
322 IPO5	IPO5	O00410	7458400000
327 IGF2BP3	IGF2BP3	O00425	2.2917e+11
328 DNM1L	DNM1L	O00429	3.0436e+11
329 DNM1L	DNM1L	O00429	3.584e+09
330 DNM1L	DNM1L	O00429	2472900000
333 PIK3C2A	PIK3C2A	O00443	3.0777e+10
336 PIK3R2	PIK3R2	O00459	1.0735e+10
341 AGRN	AGRN	O00468	3.5296e+10
349 PSMD14	PSMD14	O00487	1.4708e+11
352 KPNA3	KPNA3	O00505	7.9003e+10
353 STK25	STK25	O00506	7747400000
355 USP9Y	USP9Y	O00507	3124500000
358 KRIT1	KRIT1	O00522	5426400000
361 PES1	PES1	O00541	1.1756e+11
363 CACNA1A	CACNA1A	O00555	5989200000
365 SDCBP	SDCBP	O00560	8.7882e+10
366 SDCBP	SDCBP	O00560	5089300000
370 DDX3X	DDX3X	O00571	7.4313e+11
373 PODXL	PODXL	O00592	3.845e+09
374 CYR61	CYR61	O00622	1.4692e+11
376 PEX7	PEX7	O00628	4051900000
377 KPNA4	KPNA4	O00629	1.1116e+11
378 TRIM38	TRIM38	O00635	4995100000
379 NFIB	NFIB	O00712	8136700000
388 UBE2C	UBE2C	O00762	3.8554e+10
395 ARID1A	ARID1A	O14497	7.2974e+10
408 GAPDHS	GAPDHS	O14556	6116600000
412 DYNC1I1	DYNC1I1	O14576	8168400000
415 CIT	CIT	O14578	5.296e+10
421 AP3D1	AP3D1	O14617	1.5785e+11
422 CCS	CCS	O14618	4.9008e+10
427 DVL1;DVL1P1	DVL1	O14640	3.515e+09
428 DVL2	DVL2	O14641	1.9137e+10
430 CHD1	CHD1	O14646	3.4052e+10
432 GOSR2	GOSR2	O14653	2113700000
433 TOR1A	TOR1A	O14656	1.3321e+10
436 ADAM10	ADAM10	O14672	3.585e+09
439 KMT2D	KMT2D	O14686	4751900000
442 APAF1	APAF1	O14727	7.211e+09
444 IMPA2	IMPA2	O14732	6948900000
445 MAP2K7	MAP2K7	O14733	5677400000
446 ACOT8	ACOT8	O14734	3454900000
448 PDCD5	PDCD5	O14737	1.8549e+11
449 PRMT5	PRMT5	O14744	2.1074e+11
450 SLC9A3R1	SLC9A3R1	O14745	2.0513e+11
451 CHEK1	CHEK1	O14757	1.2785e+10
455 TPP1	TPP1	O14773	3.7206e+10
458 NDC80	NDC80	O14777	4.2875e+10
459 KIF3C	KIF3C	O14782	1946700000
460 NRP1	NRP1	O14786	3555300000
464 UNC13B	UNC13B	O14795	1721400000
465 POLR3A	POLR3A	O14802	1.6094e+10
468 PSMA7	PSMA7	O14818	4.5423e+11
471 PHYH	PHYH	O14832	2.11e+09
472 OPLAH	OPLAH	O14841	1.5672e+10
480 GIPC1	GIPC1	O14908	7.9125e+10
482 IKBKB	IKBKB	O14920	1.35e+10
485 HAT1	HAT1	O14929	1.012e+11
487 CASK	CASK	O14936	3.0212e+10
492 HGS	HGS	O14964	1.3914e+11
493 AURKA	AURKA	O14965	1.1404e+10
495 PPP1R12A	PPP1R12A	O14974	1.5192e+11
500 XPO1	XPO1	O14980	5.2326e+11
506 SPTBN2	SPTBN2	O15020	3.1406e+10
510 PLXNB2	PLXNB2	O15031	1.9639e+10
518 PER2	PER2	O15055	2528900000
519 SYNJ2	SYNJ2	O15056	8396100000
523 KIF3B	KIF3B	O15066	1.3148e+10
524 PFAS	PFAS	O15067	2.7758e+11
526 DCLK1	DCLK1	O15075	1.0859e+10
527 CEP290	CEP290	O15078	7417700000
532 ARHGEF11	ARHGEF11	O15085	9634900000
534 CHUK	CHUK	O15111	1.648e+10
537 NPC1	NPC1	O15118	3.864e+09
544 ARPC1B	ARPC1B	O15143	2.7191e+11
545 ARPC2	ARPC2	O15144	4.3311e+11
546 ARPC3	ARPC3	O15145	2.1493e+11
550 POLR1C	POLR1C	O15160	6.4089e+10
552 TRIM24	TRIM24	O15164	2.1259e+10
554 AXIN1	AXIN1	O15169	5.861e+09
558 VILL	VILL	O15195	2298600000
564 GNPAT	GNPAT	O15228	4678500000
566 LAMA5	LAMA5	O15230	3.5564e+10
570 CASC3	CASC3	O15234	1.6146e+10
572 VGF	VGF	O15240	8.972e+09
575 ACOX3	ACOX3	O15254	1.2103e+10
578 MAPK13	MAPK13	O15264	1.5653e+10
583 OGT	OGT	O15294	8.9644e+10
587 PMM2	PMM2	O15305	6.6094e+10
590 INPP4B	INPP4B	O15327	2.2246e+10
591 MID1	MID1	O15344	2.383e+10
592 HMGB3	HMGB3	O15347	8.6165e+10
595 INPPL1	CLNK	O15357	3.7884e+10
599 HDAC3	HDAC3	O15379	7907200000
601 BCAT2	BCAT2	O15382	2.8104e+10
602 BIRC5	BIRC5	O15392	5211500000
622 NUPL2	NUPL2	O15504	1.0538e+10
623 ARPC5	ARPC5	O15511	1.3271e+11
624 POLR2D	POLR2D	O15514	2.5892e+10
628 MAFG	MAFG	O15525	1394200000
629 PDPK1;PDPK2P	PDPK1	O15530	1.0981e+10
630 TAPBP	TAPBP	O15533	3780900000
634 KDM6A	KDM6A	O15550	1763200000
642 RRP8	RRP8	O43159	2.4081e+10
644 SIPA1L1	SIPA1L1	O43166	1.261e+10
648 PHGDH	PHGDH	O43175	6.2278e+11
649 NDUFS4	NDUFS4	O43181	1.6402e+10
651 IRAK2	IRAK2	O43187	8053200000
654 DYNC1LI2	DYNC1LI2	O43237	1.0689e+11
656 PSMD3	PSMD3	O43242	3.797e+11
658 RBFOX2;RBFOX1	RBFOX1	O43251	1.8291e+10
659 PAPSS1	PAPSS1	O43252	1.1129e+11
660 SIAH2	SIAH2	O43255	1055900000
662 ZW10	ZW10	O43264	5.3034e+10
666 B4GALT5	B4GALT5	O43286	1625500000
667 SART1	SART1	O43290	1.326e+11
668 SPINT2	SPINT2	O43291	3037300000
670 DAPK3	DAPK3	O43293	5842400000
671 TGFB1I1	TGFB1I1	O43294	2.2622e+10
682 MAP3K7	MAP3K7	O43318	1.3848e+10
685 RIPK2	RIPK2	O43353	1.6237e+10
699 SYNJ1	SYNJ1	O43426	9787500000
705 HTRA2	HTRA2	O43464	6059400000
712 RAD51C	RAD51C	O43502	3758100000
713 LAMTOR5	LAMTOR5	O43504	3.0121e+10
716 FOXO3	FOXO3	O43524	2773500000
719 RGS14	RGS14	O43566	5892400000
726 XPOT	XPOT	O43592	8.8042e+10
728 DNPH1	DNPH1	O43598	5.2455e+10
734 CHMP2A	CHMP2A	O43633	2.1293e+10
735 NCK2	NCK2	O43639	7736600000
743 ZNF207	ZNF207	O43670	9.5656e+10
748 ASNA1	ASNA1	O43681	1.1016e+11
749 BUB1	BUB1	O43683	1.0318e+10
750 BUB3	BUB3	O43684	2.412e+11
753 ACTN4	ACTN4	O43707	5.9277e+12
754 GSTZ1	GSTZ1	O43708	1.6919e+10
756 TRIAP1	TRIAP1	O43715	3094900000
762 PRKAB2	PRKAB2	O43741	1.724e+09
764 AP1G1	AP1G1	O43747	1.3136e+11
771 ENSA	ENSA	O43768	1.1921e+11
780 STRN	STRN	O43815	5.1422e+10
789 NRD1	NRD1	O43847	1.6191e+11
793 AHCYL1	AHCYL1	O43865	1.1713e+11
817 SMARCA5	SMARCA5	O60264	9.7812e+10
821 SPAG9	SPAG9	O60271	1288900000
822 SPAG9	SPAG9	O60271	1.6026e+11
824 KIF5C	KIF5C	O60282	3547900000
834 OPA1	OPA1	O60313	7.4328e+10
835 ZEB2	ZEB2	O60315	3747200000
836 MCM3AP	MCM3AP	O60318	1.0143e+10
838 KIF1B	KIF1B	O60333	1.769e+10
839 KIF1B	KIF1B	O60333	1855900000
840 KDM1A	KDM1A	O60341	7.4813e+10
842 ECE2	ECE2	O60344	2336600000
843 PHLPP1	PHLPP1	O60346	1486100000
846 NME2P1	NME2P1	O60361	2805200000
855 ACSL4	ACSL4	O60488	1.4325e+11
856 SNX3	SNX3	O60493	1.3874e+11
859 MGEA5	MGEA5	O60502	7.2605e+10
860 SORBS3	SORBS3	O60504	2.1337e+10
864 CDC40	CDC40	O60508	2.6206e+10
867 GMDS	GMDS	O60547	7.487e+10
869 CCNT1	CCNT1	O60563	1.4162e+10
871 BUB1B	BUB1B	O60566	8717800000
872 PLOD3	PLOD3	O60568	1.1813e+11
873 EIF4E2	EIF4E2	O60573	2.3896e+10
875 DIAPH1	DIAPH1	O60610	2.8445e+11
886 RAD1	RAD1	O60671	3026400000
889 PRMT3	PRMT3	O60678	3.5054e+10
891 UGDH	UGDH	O60701	5.2307e+11
894 CTNND1	CTNND1	O60716	2.5478e+11
901 DPM1	DPM1	O60762	6628400000
905 PFKFB2	PFKFB2	O60825	2.4248e+10
907 CCDC22	CCDC22	O60826	3.4566e+10
911 DKC1	DKC1	O60832	1.9903e+11
913 GAS7	GAS7	O60861	7208600000
920 BRD4	BRD4	O60885	6.6854e+10
923 OPHN1	OPHN1	O60890	4765200000
927 HUS1	HUS1	O60921	7268400000
931 NBN	NBN	O60934	3.1432e+10
932 NOL3	NOL3	O60936	1.9861e+10
937 MITF	MITF	O75030	1.0886e+10
939 SRGAP2	SRGAP2	O75044	3.1329e+10
948 SLIT1	SLIT1	O75093	7364200000
952 N4BP1	N4BP1	O75113	7232600000
953 ROCK2	ROCK2	O75116	1.0232e+11
955 CLASP2	CLASP2	O75122	5.6633e+10
958 CPNE3	CPNE3	O75131	2.4438e+11
964 OBSL1	OBSL1	O75147	4227500000
966 ZC3H11A	ZC3H11A	O75152	3.0269e+10
978 SS18L1	SS18L1	O75177	353800000
979 ANKRD17	ANKRD17	O75179	6.095e+10
981 DNAJB6	DNAJB3	O75190	3.0265e+10
984 GGCT	GGCT	O75223	1.1371e+11
989 ZPR1	ZPR1	O75312	6.1414e+10
992 GBAS	GBAS	O75323	1.5222e+10
993 SEMA7A	SEMA7A	O75326	5404300000
998 PDCD6	PDCD6	O75340	9.1554e+10
1001 ATP6V1G1	ATP6V1G1	O75348	3.541e+10
1002 VPS4B	VPS4B	O75351	9.6125e+10
1005 ENTPD5	ENTPD5	O75356	1.371e+09
1008 H2AFY	H2AFY	O75367	2.1688e+11
1013 NCOR1	NCOR1	O75376	3.7968e+10
1015 NDUFS6	NDUFS6	O75380	2.6205e+10
1016 PEX14	PEX14	O75381	1529500000
1028 CDC45	CDC45	O75419	7193600000
1045 GPC4	GPC4	O75487	4636600000
1047 SRSF10	SRSF10	O75494	9.0392e+10
1054 TADA3	TADA3	O75528	5367700000
1055 TAF5L	TAF5L	O75529	1996900000
1066 CRCP	CRCP	O75575	2158500000
1067 RPS6KA5	RPS6KA5	O75582	1.2717e+10
1079 TRMU	TRMU	O75648	1055200000
1080 TIPRL	TIPRL	O75663	8.8474e+10
1081 OFD1	OFD1	O75665	4176100000
1083 TOM1L1	TOM1L1	O75674	1.3361e+10
1084 RPS6KA4	RPS6KA4	O75676	5652400000
1086 PPM1B	PPM1B	O75688	3.4244e+10
1089 NUP155	NUP155	O75694	1.7666e+11
1092 CRTAP	CRTAP	O75718	6.6237e+10
1097 ATP6AP2	ATP6AP2	O75787	1466900000
1102 BCAR3	BCAR3	O75815	1.1323e+10
1109 PSMD10	PSMD10	O75832	5.4619e+10
1115 IDH1	IDH1	O75874	5.2047e+11
1123 CCNK	CCNK	O75909	2.9615e+10
1126 ARL6IP5	ARL6IP5	O75915	4795900000
1128 PIAS1	PIAS1	O75925	1891600000
1131 DCTN3	DCTN3	O75935	3.1487e+10
1135 RAD17	RAD17	O75943	2183700000
1136 ATP5H	ATP5H	O75947	8193600000
1138 FLOT1	FLOT1	O75955	1.7811e+10
1140 ATP5L	ATP5L	O75964	3.306e+09
1146 WFS1	WFS1	O76024	5027900000
1156 PDE5A	PDE5A	O76074	1.0378e+10
1161 SRP72	SRP72	O76094	1.6775e+11
1165 DDAH1	DDAH1	O94760	1.7163e+11
1169 URI1	URI1	O94763	1.8634e+10
1173 MTA2	MTA2	O94776	8.8019e+10
1174 USP1	USP1	O94782	3.038e+09
1175 ALDH1A2	ALDH1A2	O94788	1.617e+10
1178 GFPT2	GFPT2	O94808	1.187e+10
1181 ATG12	ATG12	O94817	3504300000
1192 SEC24D	SEC24D	O94855	4.5152e+10
1193 SUPT7L	SUPT7L	O94864	1825300000
1195 UFL1	UFL1	O94874	6.5962e+10
1202 SASH1	SASH1	O94885	6684300000
1219 GLS	GLS	O94925	1.2285e+11
1220 GLS	GLS	O94925	1.6527e+10
1228 SOGA1	SOGA1	O94964	1.1268e+10
1229 USP19	USP19	O94966	2.0378e+10
1231 TRIM37	TRIM37	O94972	1854300000
1232 AP2A2	AP2A2	O94973	6.6669e+10
1235 SEC31A	SEC31A	O94979	2.8235e+11
1239 HEXIM1	HEXIM1	O94992	5.8888e+10
1244 CCNB2	CCNB2	O95067	6.332e+09
1245 YIF1A	YIF1A	O95070	1412300000
1246 UBR5	UBR5	O95071	6.5849e+10
1251 MFN2	MFN2	O95140	1.9728e+10
1253 SNUPN	SNUPN	O95149	9254100000
1257 IKBKAP	IKBKAP	O95163	5.9409e+10
1259 GABARAP	GABARAP	O95166	3.749e+09
1278 KIF4A	KIF4A	O95239	5.8271e+10
1283 KAT7	KAT7	O95251	1.6513e+10
1286 TNKS	TNKS	O95271	2024500000
1288 VAPB	VAPB	O95292	4600100000
1290 SNAPIN	SNAPIN	O95295	1.111e+10
1297 PAPSS2	PAPSS2	O95340	1.262e+11
1300 ATG7	ATG7	O95352	2.6685e+10
1302 TRIM16	TRIM16	O95361	5.4343e+10
1308 TNFAIP8	TNFAIP8	O95379	1.55e+10
1309 MAP3K6	MAP3K6	O95382	1039100000
1312 PGM3	PGM3	O95394	8.3993e+10
1314 MOCS3	MOCS3	O95396	1.2282e+10
1321 BAG4	BAG4	O95429	6250900000
1323 SLC34A2	SLC34A2	O95436	4590100000
1324 PARN	PARN	O95453	5.8868e+10
1332 SEC24A	SEC24A	O95486	4.2223e+10
1333 SEC24B	SEC24B	O95487	4.896e+10
1338 NADK	NADK	O95544	2571800000
1343 ETHE1	ETHE1	O95571	3.6218e+10
1344 ACSL3	ACSL3	O95573	1.5727e+10
1346 PCNT	PCNT	O95613	1.5688e+10
1347 YEATS4	YEATS4	O95619	1.0391e+10
1351 STAMBP	STAMBP	O95630	4.1233e+10
1359 FGFR1OP	FGFR1OP	O95684	1.7921e+10
1360 PPP1R3D	PPP1R3D	O95685	4686800000
1361 BRD1	BRD1	O95696	6101500000
1367 OXSR1	OXSR1	O95747	9.8421e+10
1375 AP2A1	AP2A1	O95782	2.4754e+11
1378 DDX58	DDX58	O95786	2.1742e+10
1379 STAU1	STAU1	O95793	1.6583e+11
1385 BAG3	BAG3	O95817	2.2827e+11
1386 MAP4K4	MAP4K4	O95819	4.7894e+10
1389 MLYCD	MLYCD	O95822	9913300000
1391 AIFM1	AIFM1	O95831	6.4309e+10
1394 EML2	EML2	O95834	3.9388e+10
1395 LATS1	LATS1	O95835	1158200000
1400 BPNT1	BPNT1	O95861	1.073e+11
1410 SYF2	SYF2	O95926	1.007e+10
1413 MBD3	MBD3	O95983	2.2513e+10
1415 NUDT3	NUDT3	O95989	1.8332e+10
1419 PTTG1	PTTG1	O95997	2987600000
1420 BCL10	BCL10	O95999	1.5469e+10
1424 MOCS2	MOCS2	O96007	1.1538e+10
1428 CHEK2	CHEK2	O96017	5769100000
1430 ACTL6A	ACTL6A	O96019	1.6556e+11
1431 WHSC1	WHSC1	O96028	2.1552e+10
1432 MOCS2	MOCS2	O96033	5.324e+09
1435 LDHA	LDHA	P00338	4.3803e+12
1437 GLUD1	GLUD1	P00367	2.0547e+11
1438 DHFR	DHFR	P00374	5.4941e+10
1443 PAH	PAH	P00439	4385700000
1444 SOD1	SOD1	P00441	6.6701e+11
1445 CP	CP	P00450	4758400000
1446 OTC	OTC	P00480	2413800000
1448 PNP	PNP	P00491	2.7364e+11
1449 HPRT1	HPRT1	P00492	3.2645e+11
1450 GOT2	GOT2	P00505	2.7392e+11
1451 ABL1	ABL1	P00519	2.1159e+10
1452 EGFR	EGFR	P00533	1.4302e+10
1453 PGK1	PGK1	P00558	4.557e+12
1454 AK1	AK1	P00568	1.0477e+11
1457 PLAU	PLAU	P00749	9022500000
1460 ADA	ADA	P00813	1.2736e+11
1463 CA2	CA2	P00918	1.4531e+11
1464 ASS1	ASS1	P00966	1.4391e+11
1467 SERPINA1	SERPINA1	P01009	6337900000
1470 A2M	A2M	P01023	6373700000
1471 C3	C3	P01024	7219600000
1472 TIMP1	TIMP1	P01033	8905700000
1473 CST3	CST3	P01034	5671100000
1477 MYC	MYC	P01106	2302100000
1478 NRAS	NRAS	P01111	1.1502e+10
1481 LDLR	LDLR	P01130	2824200000
1483 IGF2	IGF2	P01344	3100800000
1491 HLA-A	HLA	P01892	6.5281e+10
1501 COL3A1	COL3A1	P02461	3.9015e+10
1502 COL4A1	COL4A1	P02462	1.1853e+10
1503 CRYAB	CRYAB	P02511	9.383e+10
1504 LMNA	LMNA	P02545	4.4058e+12
1505 LMNA	LMNA	P02545	1.0673e+11
1507 SPTA1	SPTA1	P02549	1.6257e+10
1508 APOE	APOE	P02649	1.3431e+10
1515 MBP	MBP	P02686	6.304e+09
1520 FN1	FN1	P02751	4.8977e+11
1521 RBP4	RBP4	P02753	952530000
1522 TFRC	TFRC	P02786	2.2689e+11
1524 FTH1	FTH1	P02794	1.4482e+10
1535 CAT	CAT	P04040	1.86e+11
1536 RAF1	RAF1	P04049	1.2709e+10
1538 GBA	GBA	P04062	3.3899e+10
1541 ALDOA	ALDOA	P04075	5.8968e+12
1543 CSTB	CSTB	P04080	5.5496e+11
1544 ANXA1	ANXA1	P04083	2.7757e+12
1545 APOB	APOB	P04114	1.3921e+10
1546 NR3C1	NR3C1	P04150	1.844e+10
1548 PRNP	PRNP	P04156	1967300000
1549 SOD2	SOD2	P04179	7.7969e+10
1550 OAT	OAT	P04181	9.4374e+10
1552 TK1	TK1	P04183	9.3662e+10
1554 HLA-DRB1	HLA	P04229	3243200000
1560 S100B	S100B	P04271	7.311e+10
1562 GAPDH	GAPDH	P04406	1.0612e+13
1563 GAPDH	GAPDH	P04406	2.4404e+10
1564 ASL	ASL	P04424	3.4121e+10
1565 HLA-A	HLA	P04439	2.7199e+10
1570 TP53	TP53	P04637	2.2748e+10
1574 HSPB1	HSPB1	P04792	1.3552e+12
1575 TYMS	TYMS	P04818	7.1386e+10
1577 RPN1	RPN1	P04843	4.1408e+10
1578 RPN2	RPN2	P04844	1.7791e+10
1579 GNAI2	GNAI2	P04899	3.2489e+10
1581 ATP1A1	ATP1A1	P05023	8.2071e+10
1582 ATP1B1	ATP1B1	P05026	7249700000
1584 APP	APP	P05067	1.6998e+10
1588 ITGB2	ITGB2	P05107	7478400000
1591 SERPINB2	SERPINB2	P05120	3.9438e+10
1592 SERPINE1	SERPINE1	P05121	4.1469e+10
1594 SLC25A5	SLC25A31	P05141	9.3528e+10
1596 ISG15	ISG15	P05161	8.6842e+10
1598 MPO	MPO	P05164	7.1997e+10
1599 PCCA	PCCA	P05165	4004500000
1600 PCCB	PCCB	P05166	5871900000
1601 EIF2S1	EIF2S1	P05198	5.5985e+11
1604 ICAM1	ICAM1	P05362	1.2659e+10
1605 RPLP1	RPLP1	P05386	1.5508e+11
1606 RPLP2	RPLP1	P05387	7.0482e+11
1607 RPLP0;RPLP0P6	RPLP0	P05388	1.0891e+12
1608 JUN	JUN	P05412	3159200000
1610 POLR3D	POLR3D	P05423	1.0008e+10
1613 TFAP2A	TFAP2A	P05549	4264400000
1614 ITGB1	ITGB1	P05556	4.2184e+10
1629 GSN	GSN	P06396	6.128e+11
1631 RB1	RB1	P06400	4.3883e+10
1632 PGR	PGR	P06401	1.0447e+10
1634 CDK1	CDK1	P06493	2.1357e+11
1635 ATP5B	ATP5B	P06576	9.3829e+11
1639 EIF4E	EIF4E	P06730	9.6526e+10
1641 ENO1	ENO1	P06733	9.1495e+12
1643 PYGL	PYGL	P06737	2.9581e+11
1644 GPI	GPI	P06744	1.5311e+12
1646 NPM1	NPM1	P06748	2.7261e+12
1650 ITGAV	ITGAV	P06756	1.3158e+10
1654 SERPINE2	SERPINE2	P07093	2.1107e+10
1656 DBI	DBI	P07108	6.1911e+11
1659 NEFL	NEFL	P07196	3.8647e+10
1660 NEFM	NEFM	P07197	6624700000
1662 GPX1	GPX1	P07203	3.8834e+10
1666 P4HB	P4HB	P07237	2.4929e+12
1670 CTSD	CTSD	P07339	5.7072e+11
1671 ANXA2;ANXA2P2	ANXA2	P07355	4.2548e+12
1673 TUBB	TUBB	P07437	1.3545e+12
1676 PSAP	PSAP	P07602	4.8954e+11
1679 HEXB	HEXB	P07686	1.5686e+11
1680 CTSL	CTSL	P07711	1.3682e+10
1681 PFN1	PFN1	P07737	2.7191e+12
1683 APRT	APRT	P07741	2.1728e+11
1686 CTSB	CTSB	P07858	2.7805e+11
1687 HSP90AA1	HSP90AA1	P07900	4.6666e+12
1692 LAMB1	LAMB1	P07942	9.3303e+10
1693 YES1	YES1	P07947	1322100000
1694 LYN	LYN	P07948	1180200000
1698 ERCC1	ERCC1	P07992	4561700000
1699 THBS1	THBS1	P07996	1.0723e+11
1701 SP1	SP1	P08047	6034900000
1703 COL1A2	COL1A2	P08123	6.1317e+10
1705 RHOC	RHOC	P08134	6.628e+09
1710 SLC3A2	SLC3A2	P08195	1.2563e+11
1713 PFKM	PFKM	P08237	1.4368e+11
1714 HSP90AB1	HSP90AB1	P08238	9.7424e+12
1715 SRPR	SRPR	P08240	9229700000
1716 ASNS	ASNS	P08243	2.1223e+11
1724 MME	MME	P08473	3408100000
1727 PDHA1	PDHA1	P08559	7.014e+10
1732 PTPRC	PTPRC	P08575	1.1892e+10
1734 MET	MET	P08581	2648600000
1740 ITGA5	ITGA5	P08648	3606300000
1743 RPS17	RPS17	P08708	3.7124e+11
1745 GNAI3	GNAI3	P08754	9895200000
1747 RPSA	RPSA	P08865	1.1589e+12
1748 CD63	CD63	P08962	4.677e+09
1755 ENO2	ENO2	P09104	1.2067e+11
1757 ACAA1	ACAA1	P09110	4.7933e+10
1758 SRP19	SRP19	P09132	3.241e+10
1759 GSTP1	GSTP1	P09211	1.4051e+12
1763 VIL1	AVIL	P09327	8.9417e+10
1765 LGALS1	LGALS1	P09382	1.723e+12
1766 QDPR	QDPR	P09417	8.5012e+10
1767 HMGB1	HMGB1	P09429	1.2701e+12
1770 FBP1	FBP1	P09467	2.564e+10
1772 SPARC	SPARC	P09486	6.0405e+10
1776 TPM1	TPM1	P09493	5.6983e+10
1777 TPM1	TPM1	P09493	9.4872e+11
1778 TPM1	TPM1	P09493	2.3018e+10
1780 CLTA	CLTA	P09496	2.8081e+11
1785 CNP	CNP	P09543	4.6684e+10
1787 HMOX1	HMOX1	P09601	4496300000
1790 DLD	DLD	P09622	1.6877e+11
1791 HNRNPA1;HNRNPA1L2	HNRNPA1	P09651	3.8634e+12
1793 CTSH	CTSH	P09668	9033100000
1798 PARP1	PARP1	P09874	3.9753e+11
1799 POLA1	POLA1	P09884	2.1603e+10
1801 IFIT2	IFIT2	P09913	7416700000
1802 IFIT1	IFIT1	P09914	2.9398e+10
1804 UCHL1	UCHL1	P09936	7.269e+11
1806 ALDOC	ALDOC	P09972	2.8908e+11
1814 PLA2G4B	PLA2G4B	P0C869	1144800000
1836 U2AF1	U2AF1	P0DN76	1.8863e+11
1837 CBS	CBS	P0DN79	4.5481e+10
1838 GLI3	GLI3	P10071	1088100000
1846 MYB	MYB	P10242	2.519e+09
1848 GAA	GAA	P10253	3.8106e+10
1849 AR	AR	P10275	1799400000
1851 RRAS	RRAS	P10301	1532700000
1854 HLA-C	HLA	P10321	1.121e+10
1855 ARAF	ARAF	P10398	8448200000
1863 TXN	TXN	P10599	1.0534e+12
1866 CTSA	CTSA	P10619	5.1719e+10
1868 MAPT	MAPT	P10636	1.3693e+10
1873 PRKAR1A	PRKAR1A	P10644	1.7999e+11
1876 UROS	UROS	P10746	4905500000
1878 HSPD1	HSPD1	P10809	2.7019e+12
1879 CLU	CLU	P10909	1.1636e+10
1881 HSPA5	HSPA5	P11021	3.3357e+12
1882 LAMC1	LAMC1	P11047	1.1767e+11
1886 HSPA8	HSPA8	P11142	7.3e+12
1887 SLC2A1	SLC2A1	P11166	2.4112e+10
1891 UMPS	UMPS	P11172	1.4361e+11
1893 PDHB	PDHB	P11177	5.4756e+10
1895 PYGB	PYGB	P11216	8.4547e+11
1898 RALB	RALB	P11234	7489300000
1899 BCR	BCR	P11274	1.5282e+10
1900 SPTB	SPTB	P11277	6316300000
1901 LAMP1	LAMP1	P11279	5.53e+10
1904 ACADM	ACADM	P11310	3.3764e+10
1905 TOP1	TOP1	P11387	7.0917e+10
1906 TOP2A	TOP2A	P11388	9.7616e+10
1907 G6PD	G6PD	P11413	1.1399e+12
1912 PC	PC	P11498	1.6209e+10
1913 DMD	DMD	P11532	8551300000
1915 MTHFD1	MTHFD1	P11586	1.0631e+12
1916 IGF2R	IGF2R	P11717	1.0756e+11
1918 CDK4	CDK4	P11802	3.2641e+10
1920 PRPS2	PRPS2	P11908	5.0336e+10
1922 PABPC1	PABPC1	P11940	1.0242e+12
1923 PCNA	PCNA	P12004	7.1516e+11
1929 COL11A1	COL11A1	P12107	1.3268e+10
1936 SLC25A6	SLC25A6	P12236	5882200000
1938 IMPDH2	IMPDH2	P12268	8.7947e+11
1939 TPR	TPR	P12270	6.0821e+11
1944 ANXA3	ANXA3	P12429	3.1415e+11
1948 SKI	SKI	P12755	1430300000
1950 ACTN1	ACTN1	P12814	1.4481e+10
1951 ACTN1	ACTN1	P12814	1.6495e+12
1955 SRC	SRC	P12931	1.9871e+10
1957 XRCC6	XRCC6	P12956	1.1039e+12
1958 XRCC5	XRCC5	P13010	1.398e+12
1963 IFI30	IFI30	P13284	1.2389e+10
1971 VCAN	VCAN	P13611	4.1233e+10
1982 TPT1	TPT1	P13693	6.1861e+11
1984 F3	F3	P13726	1933500000
1988 LCP1	LCP1	P13796	4.2816e+11
1992 GYS1	GYS1	P13807	5.5619e+10
1993 PRKAR2A	PRKAR2A	P13861	9.4377e+10
1995 ENO3	ENO3	P13929	1.623e+10
1996 GTF2F2	GTF2F2	P13984	9.6614e+10
1997 CD59	CD59	P13987	3.1871e+10
1998 MTHFD2	MTHFD2	P13995	4.45e+10
1999 GFAP	GFAP	P14136	2.865e+10
2000 MIF	MIF	P14174	6.2814e+11
2004 PRKCSH	PRKCSH	P14314	6.5854e+11
2008 TRIM27	TRIM27	P14373	9724500000
2011 NID1	NID1	P14543	3080600000
2012 AKR1A1	AKR1A1	P14550	2.5448e+11
2017 HSP90B1	HSP90B1	P14625	3.8372e+12
2018 CCNB1	CCNB1	P14635	1.4591e+10
2020 SNRPB	SNRPB	P14678	2.6168e+11
2022 IDE	IDE	P14735	1.5396e+11
2026 POU2F1	POU2F1	P14859	1.0982e+10
2030 ETS1	ETS1	P14921	5270200000
2031 JUP	JUP	P14923	8.2963e+10
2033 BRAF	BRAF	P15056	2193600000
2035 GLUL	GLUL	P15104	3.4086e+10
2036 AKR1B1	AKR1B1	P15121	1.0508e+12
2039 RAC2	RAC2	P15153	1.0783e+10
2040 GSPT1	GSPT1	P15170	3.634e+11
2045 EZR	EZR	P15311	1.0592e+12
2048 ATF2	ATF2	P15336	2924900000
2050 FOSL1	FOSL1	P15407	1.382e+10
2053 VAV1	VAV1	P15498	1.5207e+10
2057 NME1	NME1	P15531	1.9769e+11
2058 NQO1	NQO1	P15559	8.89e+11
2063 PHKG2	PHKG2	P15735	5868700000
2066 ARSB	ARSB	P15848	5255400000
2067 RPS2	RPS2	P15880	9.5443e+11
2071 ST6GAL1	ST6GAL1	P15907	4248400000
2072 TCF3	TCF3	P15923	7287300000
2074 RPA2	RPA2	P15927	7.9328e+10
2079 CD44	CD44	P16070	5.1358e+10
2082 ITGB4	ITGB4	P16144	1.0189e+10
2085 ANK1	ANK1	P16157	1.5866e+10
2088 CREB1;CREM	ATF1	P16220	1.1004e+10
2090 GLB1	GLB1	P16278	4.1965e+10
2092 PPP3CB	PPP3CB	P16298	3466100000
2093 NCK1	NCK1	P16333	2.2936e+10
2095 HIST1H1B	HIST1H1B	P16401	5.9723e+10
2099 POR	POR	P16435	5294200000
2101 MGMT	MGMT	P16455	1.6934e+10
2102 FER	FER	P16591	1.5736e+10
2104 ATP2A2	ATP2A2	P16615	1.2539e+10
2107 PLCG2	PLCG2	P16885	1.5143e+10
2110 STMN1	STMN1	P16949	4.9809e+11
2111 YBX3	YBX3	P16989	5.284e+11
2112 YBX3	YBX3	P16989	5787100000
2123 HMGA1	HMGA1	P17096	1.6573e+11
2124 HMGA1	HMGA1	P17096	5.4008e+10
2127 GOT1	GOT1	P17174	2.9157e+11
2130 PRKCA	PRKCA	P17252	3.0514e+10
2131 JUNB	JUNB	P17275	4402600000
2132 ITGA2	ITGA2	P17301	4967800000
2143 JUND	JUND	P17535	6253200000
2149 PRKACA	PRKACA	P17612	1.1567e+10
2152 CEBPB	CEBPB	P17676	9008300000
2154 HLA-G	HLA	P17693	2477600000
2155 PTPN2	PTPN2	P17706	1.347e+10
2156 AMD1	AMD1	P17707	1343600000
2157 CTPS1	CTPS1	P17812	3.3416e+11
2159 DDX5	DDX5	P17844	1.3973e+12
2160 PFKL	PFKL	P17858	1.7852e+11
2161 GM2A	GM2A	P17900	1.3782e+10
2162 LGALS3	LGALS3	P17931	5.1262e+11
2163 IGFBP3	IGFBP3	P17936	3.3574e+10
2164 PSMC3	PSMC3	P17980	4.0753e+11
2166 PTPN1	PTPN1	P18031	1.1759e+10
2167 IGFBP2	IGFBP2	P18065	4640300000
2168 ERCC2	ERCC2	P18074	2.3853e+10
2170 RPL35A	RPL35A	P18077	2.668e+11
2171 ITGB5	ITGB5	P18084	4.211e+09
2173 RPL7	RPL7	P18124	1.2682e+12
2175 VCL	VCL	P18206	1.3969e+12
2177 PTPRA	PTPRA	P18433	4396900000
2180 ITGB6	ITGB6	P18564	4516800000
2183 NELFE	NELFE	P18615	3.0935e+10
2184 RPL17	RPL17	P18621	4.8232e+11
2185 PGAM1	PGAM1	P18669	1.6984e+12
2186 RCC1	RCC1	P18754	2.1204e+11
2189 LIG1	LIG1	P18858	7.9675e+10
2191 ATP5J	ATP5J	P18859	5.0243e+10
2197 CDH2	CDH2	P19022	2671300000
2199 PLCG1	PLCG1	P19174	7.5058e+10
2205 HK1	HK1	P19367	2.1949e+11
2207 POLR2C	POLR2C	P19387	3.9438e+10
2208 POLR2E	POLR2E	P19388	8.5271e+10
2211 ELK1	ELK1	P19419	2644900000
2214 ERCC3	ERCC3	P19447	2.5464e+10
2215 TRIM21	TRIM21	P19474	1.5857e+10
2217 EIF2AK2	EIF2AK2	P19525	1.0613e+11
2225 NFKB1	NFKB1	P19838	4.7509e+10
2234 ANXA7	ANXA7	P20073	2.6117e+11
2238 TBP;TBPL2	TBP	P20226	2535400000
2239 CCNA2	CCNA2	P20248	3.2397e+10
2246 RAB5A	RAB5A	P20339	1957900000
2247 RAB6A	RAB39A	P20340	6.2936e+10
2251 MX1	MX1	P20591	1.7079e+11
2253 MX2	MX2	P20592	9.3274e+10
2254 PSMB1	PSMB1	P20618	3.6918e+11
2264 BCL3	BCL3	P20749	2623800000
2269 IMPDH1	IMPDH1	P20839	5.4982e+10
2272 RASA1	RASA1	P20936	4.4379e+10
2278 ATP6V1B2	ATP6V1B2	P21281	1.5853e+11
2279 ATP6V1C1	ATP6V1C1	P21283	1.1765e+11
2281 FLNA	FLNA	P21333	6.639e+12
2282 NF1	NF1	P21359	2.1123e+10
2284 ACO1	ACO1	P21399	1.8395e+11
2286 TNFAIP3	TNFAIP3	P21580	5999300000
2288 NT5E	NT5E	P21589	1.38e+10
2289 TAF1	TAF1	P21675	780820000
2292 VDAC1	VDAC1	P21796	5.4991e+10
2295 CD9	CD9	P21926	1.0138e+10
2296 BCKDHB	BCKDHB	P21953	3306700000
2297 COMT	COMT	P21964	1.0609e+11
2298 TGM2	TGM2	P21980	7.1318e+11
2299 MUT	MUT	P22033	8122200000
2302 FBL	FBL	P22087	3.4013e+11
2304 GART	GART	P22102	7.4801e+11
2305 TNXB	TNXA	P22105	5.328e+09
2307 PAICS	PAICS	P22234	6.7933e+11
2309 SCP2	SCP2	P22307	2.1468e+11
2312 NME2	NME2	P22392	2.9425e+12
2314 USF1	USF1	P22415	1.342e+09
2320 HNRNPA2B1	HNRNPA2B1	P22626	3.2914e+12
2322 CALB2	CALB2	P22676	4.3692e+10
2323 CBL	CBL	P22681	3.9981e+10
2325 PRKACB	PRKACB	P22694	3.8853e+10
2327 FECH	FECH	P22830	4099900000
2328 XPA	XPA	P23025	790780000
2332 TCEA1	TCEA1	P23193	1.5627e+11
2334 ITGA6	ITGA6	P23229	3.6307e+10
2344 RPS3	RPS3	P23396	1.3584e+12
2346 RPS6KB1	RPS6KB1	P23443	1.3563e+10
2352 SP100	SP100	P23497	4.4089e+10
2353 MCC	MCC	P23508	6548400000
2355 AHCY	AHCY	P23526	1.1882e+12
2356 CFL1	CFL1	P23528	3.0562e+12
2359 EIF4B	EIF4B	P23588	4.7286e+11
2361 ATP2B4	ATP2B3	P23634	7413500000
2365 CPT2	CPT2	P23786	2.3309e+10
2366 DTYMK	DTYMK	P23919	1.9464e+11
2367 RRM1	RRM1	P23921	1.9055e+11
2369 LAMA2	LAMA2	P24043	3491800000
2371 CCND1	CCND1	P24385	3842600000
2374 NR2F2	NR2F2	P24468	3821600000
2376 ATP5F1	ATP5F1	P24539	4702400000
2381 ACAT1	ACAT1	P24752	1.9126e+11
2382 TNC	TNC	P24821	2.7056e+11
2387 POLR2A	POLR2A	P24928	1.08e+11
2388 CDK2	CDK2	P24941	7.4473e+10
2389 APC	APC	P25054	8017100000
2391 ADRBK1	ADRBK1	P25098	2.321e+10
2398 RPS12	RPS12	P25398	9.4102e+11
2399 BRD2	BRD2	P25440	2.6806e+10
2402 YY1	YY1	P25490	1.2612e+10
2404 DNAJB2	DNAJB2	P25686	3402200000
2405 ATP5A1	ATP5A1	P25705	7.1257e+11
2406 CTSS	CTSS	P25774	4007600000
2407 PSMA1	PSMA1	P25786	5.6443e+11
2408 PSMA2	PSMA2	P25787	2.7176e+11
2409 PSMA3	PSMA3	P25788	2.9488e+11
2410 PSMA4	PSMA4	P25789	3.6161e+11
2415 NFKBIA	NFKBIA	P25963	2532300000
2416 ITGA3	ITGA3	P26006	1.5494e+10
2421 PTPN3	PTPN3	P26045	1155100000
2423 CTNNA2	CTNNA2	P26232	1.0726e+10
2424 DNMT1	DNMT1	P26358	1.278e+11
2426 U2AF2	U2AF2	P26368	3.4242e+11
2427 RPL13	RPL13	P26373	7.703e+11
2431 MGAT1	MGAT1	P26572	1709700000
2432 HMGB2	HMGB2	P26583	2.598e+11
2439 AK4	AK4	P27144	3.8916e+10
2443 MAPK3	MAPK3	P27361	2.6639e+10
2449 ARNT	ARNT	P27540	6100100000
2450 RPL10	RPL10	P27635	8.7196e+11
2452 RPA1	RPA1	P27694	2.3848e+11
2453 APEX1	APEX1	P27695	3.5538e+11
2455 DCK	DCK	P27707	3.6011e+10
2456 CAD	CAD	P27708	4.8483e+11
2457 CALR	CALR	P27797	2.1369e+12
2463 CANX	CANX	P27824	5.6813e+10
2465 PIK3R1	PIK3R1	P27986	1.4375e+10
2467 PSMB8	PSMB8	P28062	8.4585e+10
2468 PSMB9	PSMB9	P28065	3.5923e+10
2469 PSMA5	PSMA5	P28066	5.8529e+11
2470 PSMB4	PSMB4	P28070	1.8113e+11
2471 PSMB6	PSMB6	P28072	1.5737e+11
2472 PSMB5	PSMB5	P28074	2.5925e+11
2474 GSTM2	GSTM2	P28161	1.6896e+10
2475 ABCD3	ABCD3	P28288	1674900000
2476 TMOD1	TMOD1	P28289	5121800000
2479 NDUFS1	NDUFS1	P28331	5.2629e+10
2480 POLD1	POLD1	P28340	6.1773e+10
2484 MAPK1	MAPK1	P28482	2.3537e+11
2486 RXRB	RXRB	P28702	5393200000
2502 IMPA1	IMPA1	P29218	6.3747e+10
2503 CTGF	CTGF	P29279	1.3556e+10
2504 EPHA2	EPHA2	P29317	1.1631e+10
2506 EPHB2	EPHA7	P29323	2380700000
2507 PTPN6	PTPN6	P29350	1.5952e+10
2508 SHC1	SHC1	P29353	4.8688e+10
2512 ARID4A	ARID4A	P29374	3646200000
2513 TKT	TKT	P29401	2.8939e+12
2515 CASP1	CASP1	P29466	8024600000
2517 NOS1	NOS1	P29475	6335200000
2518 SERPINB3	SERPINB3	P29508	1.4656e+10
2519 LMOD1	LMOD1	P29536	4593100000
2521 PML	PML	P29590	1.1237e+11
2535 MARCKS	MARCKS	P29966	3.7736e+11
2537 GNA11	GNA11	P29992	3957300000
2538 ALDH4A1	ALDH4A1	P30038	1.5705e+10
2540 ERP29	ERP29	P30040	2.1645e+11
2541 PRDX6	PRDX6	P30041	1.3311e+12
2544 PRDX5	PRDX5	P30044	3.8492e+11
2548 PRDX3	PRDX3	P30048	2.6249e+11
2549 ATP5D	ATP5D	P30049	3.7984e+10
2550 RPL12	RPL12	P30050	7.8903e+11
2551 ECHS1	ECHS1	P30084	1.3858e+11
2552 CMPK1	CMPK1	P30085	2.1275e+11
2554 PDIA3	PDIA3	P30101	2.0198e+12
2555 PPP2R1A	PPP2R1A	P30153	7.7544e+11
2558 CDC27	CDC27	P30260	2.1807e+10
2560 CCND3	CCND3	P30281	1.0935e+10
2562 CDC25B	CDC25B	P30305	2560800000
2563 CDC25C	CDC25C	P30307	6497400000
2564 PPIF	PPIF	P30405	5.1447e+10
2566 NMT1	NMT1	P30419	1.7857e+11
2581 HLA-C	HLA	P30508	1.2951e+10
2582 HMOX2	HMOX2	P30519	5244400000
2583 ADSS	ADSS	P30520	1.5872e+11
2587 ADSL	ADSL	P30566	1.5369e+11
2588 PKLR	PKLR	P30613	1.4455e+10
2589 CLIP1	CLIP1	P30622	1.6242e+11
2591 SRI	SRI	P30626	2.3605e+11
2598 ALDH3A1	ALDH3A1	P30838	1.3743e+11
2599 POLR2B	POLR2B	P30876	1.3419e+11
2602 CORO1A	CORO1A	P31146	1.205e+11
2603 GDI1	GDI1	P31150	1.7291e+11
2605 MAT2A	MAT2A	P31153	4.7057e+11
2606 PRKAR1B	PRKAR1B	P31321	4500600000
2607 PRKAR2B	PRKAR2B	P31323	5534300000
2608 CPS1	CPS1	P31327	6.7308e+10
2614 DNAJA1	DNAJA1	P31689	3.1803e+11
2615 AKT1	AKT1	P31749	2.8567e+10
2616 AKT2	AKT2	P31751	1.2035e+10
2618 HIBADH	HIBADH	P31937	2.6143e+10
2619 ATIC	ATIC	P31939	9.6507e+11
2623 YWHAB	YWHAB	P31946	1.1785e+12
2625 SFN	SFN	P31947	4.9352e+11
2629 INPP5B	INPP5B	P32019	5518400000
2630 PRDX2	PRDX2	P32119	6.2144e+11
2631 ARRB2	ARRB2	P32121	9213500000
2636 PYCR1	PYCR1	P32322	7.7267e+10
2637 GBP1	GBP1	P32455	4.4367e+10
2641 GTF2H1	GTF2H1	P32780	8493100000
2643 CTH	CTH	P32929	1.4253e+10
2645 RPL9	RPL9	P32969	6.3338e+11
2647 ACSL1	ACSL1	P33121	3.2044e+10
2648 KIF5B	KIF5B	P33176	4.1674e+11
2653 DUT	DUT	P33316	3.0307e+11
2659 TTK	TTK	P33981	1.3013e+10
2665 SHMT1	SHMT1	P34896	1.2479e+11
2666 SHMT2	SHMT2	P34897	2.4905e+11
2668 EPHX2	EPHX2	P34913	4646900000
2671 MPI	MPI	P34949	3.8327e+10
2673 GPC1	GPC1	P35052	3165600000
2674 PFN2	PFN2	P35080	1.5733e+10
2675 PFN2	PFN2	P35080	1.2328e+11
2677 CTNNA1	CTNNA1	P35221	2.8573e+11
2678 CTNNB1	CTNNB1	P35222	1.0922e+11
2679 BMI1	BMI1	P35226	8645800000
2680 PCGF2	PCGF2	P35227	1683100000
2681 PHB	PHB	P35232	4.7534e+11
2683 SERPINB6	SERPINB6	P35237	2.0146e+11
2684 NF2	NF2	P35240	1.4911e+10
2685 RDX	RDX	P35241	1.5006e+11
2687 RPA3	RPA3	P35244	8.3576e+10
2688 RFC4	RFC4	P35249	9.4299e+10
2689 RFC2	RFC2	P35250	6.5843e+10
2690 RFC1	RFC1	P35251	2641400000
2691 RPL22	RPL22	P35268	4.1483e+11
2692 GTF2F1	GTF2F1	P35269	7.3157e+10
2693 SPR	SPR	P35270	6.8459e+10
2700 FBN1	FBN1	P35555	1.4042e+10
2702 PCK1	PCK1	P35558	6817300000
2703 IRS1	IRS1	P35568	6.127e+09
2704 AGL	AGL	P35573	5.1855e+10
2705 MYH9	MYH9	P35579	8.2501e+12
2706 MYH10	MYH10	P35580	5843700000
2707 MYH10	MYH10	P35580	5.8299e+11
2712 ADD1	ADD1	P35611	6.4452e+10
2713 ADD2	ADD2	P35612	1.6558e+10
2714 BSG	BSG	P35613	2.4662e+10
2718 NUP214	NUP214	P35658	1.4946e+11
2720 HNF1B	HNF1B	P35680	3529800000
2724 MYH11	MYH11	P35749	2465400000
2726 CHKA	CHKA	P35790	3635500000
2727 PPM1A	PPM1A	P35813	3.0179e+10
2728 AHR	AHR	P35869	8479100000
2729 HMGCL	HMGCL	P35914	1.1001e+10
2730 PSMC2	PSMC2	P35998	5.8118e+11
2734 ARL2	ARL2	P36404	1.6129e+10
2735 ARL3	ARL3	P36405	7.3906e+10
2737 MAP2K2	MAP2K2	P36507	1.8044e+11
2739 ATP5C1	ATP5C1	P36542	8.3477e+10
2740 ATP6V1E1	ATP6V1E1	P36543	1.3271e+11
2743 RPL4	RPL4	P36578	1.8599e+12
2744 NUDT1	NUDT1	P36639	2.5743e+10
2745 LONP1	LONP1	P36776	1.0406e+11
2746 PGM1	PGM1	P36871	3.4205e+11
2747 PPP1CC	PPP1CC	P36873	3.586e+10
2750 SERPINB5	SERPINB5	P36952	5.5807e+10
2751 POLR2I	POLR2I	P36954	2.8515e+10
2753 GMPR	GMPR	P36959	1.1128e+10
2754 GPX4	GPX4	P36969	2.6715e+10
2755 SRP14	SRP14	P37108	1.7009e+11
2757 NUP62	NUP62	P37198	8.1201e+10
2761 ZEB1	ZEB1	P37275	2316100000
2763 TALDO1	TALDO1	P37837	8.4375e+11
2764 SNCA	SNCA	P37840	3.7984e+10
2769 BRCA1	BRCA1	P38398	4423500000
2774 ATP6V1A	ATP6V1A	P38606	3.0404e+11
2776 EIF4A3	EIF4A3	P38919	4.4418e+11
2778 CDKN1A	CDKN1A	P38936	1516300000
2779 RPS19	RPS19	P39019	4.2707e+11
2780 RPL3	RPL3	P39023	1.1886e+12
2782 COL18A1	COL18A1	P39060	1.3919e+10
2784 DDOST	DDOST	P39656	1.578e+10
2786 FEN1	FEN1	P39748	2.0388e+11
2787 CUX1	CUX1	P39880	3.0945e+10
2788 CAPG	CAPG	P40121	3.9029e+11
2797 PSMB10	PSMB10	P40306	2.334e+10
2799 PBX1	PBX1	P40424	1972700000
2801 RPL13A	RPL13A	P40429	4.1232e+11
2803 MLH1	MLH1	P40692	2.0705e+10
2804 STAT3	STAT3	P40763	1.9998e+11
2805 STAT3	STAT3	P40763	3854200000
2807 USP8	USP8	P40818	3.0528e+10
2808 PEX19	PEX19	P40855	4.8041e+10
2809 MDH1	MDH1	P40925	7.8083e+11
2810 MDH2	MDH2	P40926	1.0345e+12
2811 RFC5	RFC5	P40937	6.5324e+10
2812 RFC3	RFC3	P40938	6.4438e+10
2813 HADHA	HADHA	P40939	2.1859e+11
2816 ID1	ID1	P41134	2698900000
2818 CETN2	CETN1	P41208	1.3919e+10
2834 CSK	CSK	P41240	6.9331e+10
2836 GARS	GARS	P41250	7.2667e+11
2838 NBL1	NBL1	P41271	1306100000
2842 PRKCI	PRKCI	P41743	4.6638e+10
2843 ACTR1B	ACTR1B	P42025	1.9786e+10
2844 ECI1	ECI1	P42126	3.5895e+10
2847 STAT1	STAT1	P42224	3.7633e+11
2849 STAT6	STAT6	P42226	2.5459e+10
2850 STAT5A	STAT5A	P42229	3.2484e+10
2852 AKR1C3	AKR1C3	P42330	3.5665e+11
2855 PIK3CA	PIK3CA	P42336	4343100000
2856 PIK3CB	PIK3CB	P42338	4256900000
2857 MTOR	MTOR	P42345	3.7961e+10
2858 PI4KA	PI4KA	P42356	1.2922e+10
2859 EPS15	EPS15	P42566	5.4495e+10
2861 CASP3	CASP3	P42574	3.2299e+10
2862 CASP2	CASP2	P42575	2.1041e+10
2863 RPS27	RPS27	P42677	3.2341e+11
2866 ABL2	ABL2	P42684	2534900000
2871 LRPPRC	LRPPRC	P42704	4.3132e+11
2873 RPL35	RPL35	P42766	3.2201e+11
2875 CDKN2A	CDKN2A	P42771	4.8829e+10
2877 CDKN2C	CDKN2C	P42773	4073100000
2880 HTT	HTT	P42858	3.6025e+10
2882 MTHFR	MTHFR	P42898	7471500000
2886 PAFAH1B1	PAFAH1B1	P43034	2.0497e+11
2888 CRAT	CRAT	P43155	4441300000
2893 MSH2	MSH2	P43246	1.5152e+11
2894 MSH2	MSH2	P43246	3683900000
2897 ETV4	ETV1	P43268	2843900000
2898 GPD2	GPD2	P43304	1.4198e+10
2899 SSR1	SSR1	P43307	4444600000
2912 SYK	SYK	P43405	7108900000
2915 NAMPT	NAMPT	P43490	6.3599e+11
2917 PSMC4	PSMC4	P43686	5.1546e+11
2925 USP5	USP5	P45974	3.669e+11
2926 MAPK8	MAPK8	P45983	1.6069e+10
2927 MAPK9	MAPK9	P45984	5892700000
2928 MAP2K4	MAP2K4	P45985	1.9119e+10
2930 PHKA2	PHKA2	P46019	3066400000
2931 PHKA1	PHKA1	P46020	5368500000
2935 ATRX	ATRX	P46100	3.2243e+10
2938 CRK	CRK	P46108	9.2982e+10
2939 CRK	CRK	P46108	3.271e+09
2940 CRKL	CRKL	P46109	1.1672e+11
2942 BAG6	BAG6	P46379	1.6426e+11
2943 NSF	NSF	P46459	2.4639e+11
2944 CDKN1B	CDKN1B	P46527	1747100000
2945 NOTCH1	NOTCH1	P46531	2813200000
2946 MAP2K3	MAP2K3	P46734	3.7563e+10
2948 BRCC3	BRCC3	P46736	3.1012e+10
2949 RPL27A	RPL27A	P46776	5.276e+11
2950 RPL5	RPL5	P46777	1.0292e+12
2951 RPL21	RPL21	P46778	3.2006e+11
2952 RPL28	RPL28	P46779	3.6759e+11
2953 RPS9	RPS9	P46781	1.1008e+12
2954 RPS5	RPS5	P46782	5.5326e+11
2955 RPS10	RPS10	P46783	2.6587e+11
2956 MAP1B	MAP1B	P46821	4.7257e+11
2958 NEDD4	NEDD4	P46934	3.1055e+10
2959 YAP1	YAP1	P46937	6.9877e+10
2961 UTRN	DRP2	P46939	1.0415e+11
2963 IQGAP1	IQGAP1	P46940	1.3154e+12
2965 GYG1	GYG1	P46976	2.8796e+10
2966 STT3A	STT3A	P46977	3151600000
2968 PLA2G4A	PLA2G4A	P47712	1.4546e+10
2970 CAPZA2	CAPZA2	P47755	2.6906e+11
2972 CAPZB	CAPZB	P47756	5.2989e+11
2974 ALDH1A3	ALDH1A3	P47895	1.6004e+11
2976 RPL29	RPL29	P47914	2.926e+11
2979 ZFP36L2	ZFP36L2	P47974	5532400000
2982 ATP5O	ATP5O	P48047	1.2193e+11
2984 LIMS1	LIMS1	P48059	1.0482e+11
2989 ME1	ME1	P48163	8.7278e+10
2990 IREB2	IREB2	P48200	1.6086e+10
2992 RFX3	RFX3	P48380	2375900000
2995 PIP4K2A	PIP4K2A	P48426	1.0215e+10
3002 GCLC	GCLC	P48506	6.3996e+10
3003 GCLM	GCLM	P48507	6.4748e+10
3004 CD151	CD151	P48509	2045600000
3008 PSMD8	PSMD8	P48556	1.385e+11
3012 GSS	GSS	P48637	1.8405e+11
3015 NES	NES	P48681	4.3087e+11
3017 CSNK1A1	CSNK1A1	P48729	4.9623e+10
3020 CSNK1D	CSNK1D	P48730	1.4302e+10
3023 PITPNB	PITPNB	P48739	1.5591e+11
3027 POLD2	POLD2	P49005	3.1578e+10
3029 PXN	PXN	P49023	1.475e+11
3034 MAPKAPK2	MAPKAPK2	P49137	2.3773e+10
3036 RPL34	RPL34	P49207	1.9315e+11
3038 LMAN1	LMAN1	P49257	2.1443e+10
3039 NASP	NASP	P49321	5.8039e+11
3041 FASN	FASN	P49327	3.3906e+12
3045 FNTB	FNTB	P49356	1.0401e+10
3046 DHPS	DHPS	P49366	3.003e+10
3049 ARRB1	ARRB1	P49407	2.352e+10
3052 ALDH7A1	ALDH7A1	P49419	1.7735e+11
3054 INPP1	INPP1	P49441	5224700000
3056 CENPF	CENPF	P49454	8.4997e+10
3057 SRP9	SRP9	P49458	1.568e+11
3058 UBE2A	UBE2A	P49459	1.9051e+10
3059 PCYT1A	PCYT1A	P49585	6.5133e+10
3060 AARS	AARS	P49588	7.5195e+11
3064 PPM1F	PPM1F	P49593	3.0962e+10
3065 PRIM1	PRIM1	P49642	3.2809e+10
3066 PRIM2	PRIM2	P49643	2.2994e+10
3067 CASP4	CASP12	P49662	1.8608e+10
3068 CSNK1E	CSNK1E	P49674	1289700000
3070 CTCF	CTCF	P49711	5843700000
3073 PSMB3	PSMB3	P49720	2.2797e+11
3074 PSMB2	PSMB2	P49721	2.1321e+11
3075 MCM2	MCM2	P49736	3.4883e+11
3077 ACADVL	ACADVL	P49748	9.5699e+10
3082 NUMB	NUMB	P49757	1.9982e+10
3084 CLK2	CLK2	P49760	1260200000
3088 HINT1	HINT1	P49773	6.1346e+11
3091 NUP153	NUP153	P49790	1.4427e+11
3092 RANBP2	RANBP2	P49792	3.8057e+11
3096 TSC2	TSC2	P49815	9696700000
3098 GSK3A	GSK3A	P49840	1.2712e+10
3099 GSK3B	GSK3B	P49841	4.0954e+10
3103 NT5C2	NT5C2	P49902	5.8884e+10
3106 GMPS	GMPS	P49915	4.1147e+11
3107 LIG3	LIG3	P49916	3.504e+10
3108 LIG4	LIG4	P49917	5509100000
3110 MRE11A	MRE11A	P49959	1.0022e+11
3113 GNAQ	GNAQ	P50148	2360900000
3119 SULT1A1;SULT1A2	SULT1A1	P50225	2.9736e+10
3121 MMP14	MMP14	P50281	7730900000
3124 EMD	EMD	P50402	6170800000
3125 CPT1A	CPT1A	P50416	5.035e+09
3129 SERPINB9	SERPINB9	P50453	4.6411e+10
3130 SERPINH1	SERPINH1	P50454	6.8069e+11
3137 VASP	VASP	P50552	2.557e+11
3138 DNM2	DNM2	P50570	8081400000
3139 DNM2	DNM2	P50570	2.795e+09
3140 DNM2	DNM2	P50570	2.6536e+11
3145 CDK7	CDK7	P50613	2.052e+10
3150 CDK9	CDK9	P50750	2.0775e+10
3154 PPT1	PPT1	P50897	4.2838e+10
3155 RPL14	RPL14	P50914	2.3747e+11
3159 ATP1A2	ATP1A2	P50993	2.876e+09
3165 RAB7A	RAB7A	P51149	9.2052e+10
3167 RAB13	RAB13	P51153	2.807e+09
3169 RAB27A	RAB27A	P51159	6873600000
3173 DAP	DAP	P51397	8265900000
3176 DUSP3	DUSP3	P51452	5.8063e+10
3181 DNA2	DNA2	P51530	1556400000
3182 SMARCA2	SMARCA2	P51531	1.5108e+10
3183 SMARCA4	SMARCA4	P51532	7.8516e+10
3189 BCAP31	BCAP31	P51572	1.1142e+10
3191 BRCA2	BRCA2	P51587	5361900000
3193 MECP2	MECP2	P51608	1231500000
3195 HCFC1	HCFC1	P51610	1.8408e+11
3196 IRAK1	IRAK1	P51617	1.1824e+10
3197 CAV2	CAV2	P51636	1633200000
3199 ALDH5A1	ALDH5A1	P51649	7690800000
3200 HSD17B4	HSD17B4	P51659	2.0632e+11
3201 PSMD7	PSMD7	P51665	1.9322e+11
3206 STAT5B	STAT5B	P51692	1.1514e+10
3208 KCNQ1	KCNQ1	P51787	1793400000
3212 VAMP7	VAMP7	P51809	9972500000
3215 RPS6KA3	RPS6KA3	P51812	5.5491e+10
3221 HDGF	HDGF	P51858	6.8327e+11
3226 CCNH	CCNH	P51946	1.0859e+10
3227 MNAT1	MNAT1	P51948	1.8516e+10
3231 UBE2E1	UBE2E1	P51965	5.923e+09
3235 PGD	PGD	P52209	8.7269e+11
3238 KPNA1	KPNA1	P52294	4.2608e+10
3239 NCBP2	NCBP2	P52298	2.1055e+10
3240 RAP1GDS1	RAP1GDS1	P52306	9.976e+10
3246 POLR2H	POLR2H	P52434	4.9675e+10
3247 POLR2J;POLR2J3;POLR2J2	POLR2J	P52435	1.2172e+10
3249 ARHGDIA	ARHGDIA	P52565	7.061e+11
3252 AGFG1	AGFG1	P52594	5.8275e+10
3254 STAT2	STAT2	P52630	2.3815e+10
3257 MSH6	MSH6	P52701	1.3141e+11
3258 KIF11	KIF11	P52732	8.7297e+10
3260 VAV2	VAV2	P52735	1.7113e+10
3267 HK2	HK2	P52789	1.817e+11
3276 CAPZA1	CAPZA1	P52907	3.128e+11
3277 HMGA2	HMGA2	P52926	2.2105e+10
3280 NUP98	NUP98	P52948	1.4309e+11
3283 SLC25A1	SLC25A1	P53007	2929500000
3285 PLK1	PLK1	P53350	1.8604e+10
3286 DAPK1	DAPK1	P53355	3535900000
3290 NUBP1	NUBP1	P53384	3.0701e+10
3291 ACLY	ACLY	P53396	1.2853e+12
3295 MVD	MVD	P53602	3.6875e+10
3300 CTSC	CTSC	P53634	8.9692e+10
3301 LIMK1	LIMK1	P53667	2821100000
3307 AP2S1	AP2S1	P53680	2.8869e+10
3312 POLR2K	POLR2K	P53803	1.0465e+10
3317 SLC16A1	SLC16A1	P53985	5408800000
3318 IST1	IST1	P53990	5.4022e+10
3319 SEC24C	SEC24C	P53992	1.2375e+11
3322 BLM	BLM	P54132	2.2347e+10
3325 HIRA	HIRA	P54198	5059500000
3326 ATXN3	ATXN3	P54252	8960600000
3334 USP14	USP14	P54578	3.3215e+11
3335 PRKAG1	PRKAG1	P54619	1.2655e+10
3337 HSPA2	HSPA2	P54652	8.2006e+10
3338 BCAT1	BCAT1	P54687	5.3124e+10
3341 ATP1B3	ATP1B3	P54709	1.731e+10
3343 RAD23A	RAD23A	P54725	4.102e+10
3344 RAD23B	RAD23B	P54727	4.2663e+11
3347 NAGLU	NAGLU	P54802	9451600000
3349 AK2	AK2	P54819	2.3813e+11
3353 ALDH18A1	ALDH18A1	P54886	1.2589e+11
3354 NAPA	NAPA	P54920	2.0549e+11
3358 SLC12A2	SLC12A2	P55011	5303600000
3359 PSMD4	PSMD4	P55036	1.805e+11
3360 PSMD4	PSMD4	P55036	697260000
3368 VCP	VCP	P55072	2.5645e+12
3370 HADHB	HADHB	P55084	1.2753e+11
3377 ELL	ELL	P55199	5185200000
3378 BRPF1	BRPF1	P55201	1240600000
3381 CASP7	CASP7	P55210	1.9729e+10
3382 CASP7	CASP7	P55210	3.2545e+10
3383 CASP9	CASP9	P55211	1760700000
3385 ADK	ADK	P55263	2.3836e+11
3386 ADAR	ADAR	P55265	2.2511e+11
3387 ADAR	ADAR	P55265	1610200000
3397 SEC13	SEC13	P55735	1.6319e+11
3399 NPEPPS	NPEPPS	P55786	5.082e+11
3402 OXCT1	OXCT1	P55809	3.7458e+10
3407 BID	BID	P55957	6.5761e+10
3409 ATP5J2	ATP5J2	P56134	1802700000
3418 ARPP19	ARPP19	P56211	2.9959e+10
3421 POLE2	POLE2	P56282	1078900000
3422 AP1S2	AP1S2	P56377	6859400000
3424 ATP5EP2;ATP5E	ATP5E	Q5VTU8	9214600000
3425 ATP5I	ATP5I	P56385	6085400000
3427 HDAC4	HDAC4	P56524	1.7138e+10
3428 EIF6	EIF6	P56537	4.4148e+11
3436 BCAR1	BCAR1	P56945	3.8228e+10
3445 WDR4	WDR4	P57081	1.8033e+10
3455 NUP107	NUP107	P57740	7.5225e+10
3456 NUP107	NUP107	P57740	820340000
3460 SESN2	SESN2	P58004	1318600000
3468 MTPN	MTPN	P58546	2.7551e+11
3477 ARPC4	ARPC4	P59998	2.5417e+11
3481 CD81	CD81	P60033	9107200000
3482 SEC61G	SEC61G	P60059	3129800000
3483 TPI1	TPI1	P60174	3.7053e+12
3487 SEC61B	SEC61B	P60468	3970500000
3488 PTEN	PTEN	P60484	2550600000
3490 GABARAPL2	GABARAPL2	P60520	2.5927e+10
3492 UBE2G2	UBE2G2	P60604	1.315e+10
3495 ACTB	ACTB	P60709	1.3824e+11
3497 RPS20	RPS20	P60866	4.4671e+11
3498 PRPS1	PRPS1	P60891	2.9422e+11
3499 PSMA6	PSMA6	P60900	4.8601e+11
3500 S100A10	S100A10	P60903	1.9857e+11
3501 CDC42	CDC42	P60953	4.4216e+10
3502 DSTN	DSTN	P60981	4.6896e+11
3503 GMFB	GMFB	P60983	6.5882e+10
3504 RAB8A	RAB8A	P61006	7365800000
3505 SPCS3	SPCS3	P61009	7667300000
3506 SRP54	SRP54	P61011	1.1816e+11
3511 RAB10	RAB10	P61026	3.3779e+10
3513 UBE2M	UBE2M	P61081	1.3691e+11
3515 UBE2N;UBE2NL	UBE2N	P61088	4.0468e+11
3516 RAB14	RAB14	P61106	7.1775e+10
3518 ACTR3	ACTR3	P61158	5.2946e+11
3519 ACTR2	ACTR2	P61160	3.518e+11
3520 ACTR1A	ACTR1A	P61163	1.4113e+11
3524 RAP1B	RAP1B	P61224	2.9393e+10
3525 RAP2B;RAP2A	RAP2A	P61225	2486400000
3526 MAX	MAX	P61244	1.2256e+10
3527 RPS3A	RPS3A	P61247	1.1318e+12
3528 RPL26	RPL26	P61254	5.3817e+11
3529 PSME3	PSME3	P61289	2.3437e+11
3530 RPL15	RPL15	P61313	8.7681e+11
3531 MAGOH	MAGOH	P61326	1.8233e+11
3532 RPL27	RPL27	P61353	6.3138e+11
3534 ATP6V0D1	ATP6V0D1	P61421	4.3208e+10
3535 PCBD1	PCBD1	P61457	6.9782e+10
3536 RPL37A	RPL37A	P61513	2.2915e+11
3537 RHOA	RHOA	P61586	9.1558e+10
3541 HSPE1	HSPE1	P61604	9.7752e+11
3542 SEC61A1	SEC61A1	P61619	3659300000
3545 STXBP1	STXBP1	P61764	4.9698e+10
3546 B2M	B2M	P61769	1.8657e+11
3553 SUMO2	SUMO2	P61956	1.4014e+11
3556 WDR5	WDR5	P61964	3.8018e+10
3557 AP1S1	AP1S1	P61966	1.6613e+10
3562 YWHAG	YWHAG	P61981	3.2214e+11
3563 USP46	USP46	P62068	1864800000
3564 RRAS2	RRAS2	P62070	3966100000
3566 RPS7	RPS7	P62081	7.9689e+11
3567 PPP1CA	PPP1CA	P62136	4.7988e+11
3568 PPP1CB	PPP1CB	P62140	7.5101e+10
3569 CALM1	CALM1	P62158	1.4879e+12
3571 PSMC1	PSMC1	P62191	3.207e+11
3573 PSMC5	PSMC5	P62195	4.5512e+11
3574 RPS8	RPS8	P62241	1.2825e+12
3575 RPS15A	RPS15A	P62244	4.2305e+11
3576 RPS16	RPS16	P62249	5.3971e+11
3579 YWHAE	YWHAE	P62258	2.8609e+12
3580 RPS14	RPS14	P62263	4.7436e+11
3581 RPS23	RPS23	P62266	1.7235e+11
3582 RPS18	RPS18	P62269	7.1131e+11
3583 RPS29	RPS29	P62273	1.8659e+11
3584 RPS13	RPS13	P62277	5.6403e+11
3585 RPS11	RPS11	P62280	7.9921e+11
3593 SNRPD3	SNRPD3	P62318	2.5275e+11
3595 TMSB4X	TMSB4X	P62328	1.7041e+12
3596 ARF6	ARF6	P62330	4.4664e+10
3597 PSMC6	PSMC6	P62333	3.6898e+11
3599 TBPL1	TBPL1	P62380	3184500000
3600 RPL7A	RPL7A	P62424	1.0918e+12
3601 POLR2G	POLR2G	P62487	1.6464e+10
3603 ETF1	ETF1	P62495	2.5919e+11
3607 RPS4X	RPS4X	P62701	1.5743e+12
3608 PPP2CB	PPP2CB	P62714	4092900000
3611 RPL23A	RPL23A	P62750	7.6319e+11
3612 RPS6	RPS6	P62753	3.7883e+11
3614 HIST1H4A	HIST1H4A	P62805	5.7275e+11
3616 RAB1A	RAB15	P62820	1.4385e+10
3617 RAN	RAN	P62826	1.2108e+12
3618 RPL23	RPL23	P62829	4.0397e+11
3619 RAP1A	RAP1A	P62834	1930300000
3620 UBE2D2	UBE2D2	P62837	6.2301e+10
3621 RPS15	RPS15	P62841	2.461e+11
3622 RPS24	RPS24	P62847	3.0386e+11
3623 RPS25	RPS25	P62851	4.4078e+11
3624 RPS26;RPS26P11	RPS26	P62854	2.3899e+11
3625 RPS28	RPS28	P62857	3.5562e+11
3626 FAU	FAU	P62861	1.2675e+11
3627 GNB1	GNB1	P62873	1.9335e+11
3628 POLR2L	POLR2L	P62875	2.6594e+10
3629 RBX1	RBX1	P62877	2.1926e+10
3630 GNB2	GNB2	P62879	5.5963e+10
3631 RPL30	RPL30	P62888	5.3341e+11
3632 RPL39P5;RPL39	RPL39	Q59GN2	1.028e+11
3633 RPL31	RPL31	P62899	4.0884e+11
3634 RPL10A	RPL10A	P62906	6.9815e+11
3635 RPL32	RPL32	P62910	6.4125e+11
3636 RPL11	RPL11	P62913	4.6075e+11
3637 RPL11	RPL11	P62913	1.436e+09
3638 RPL8	RPL8	P62917	6.8784e+11
3639 PPIA	PPIA	P62937	5.2062e+12
3640 PPIA	PPIA	P62937	2.3622e+10
3641 FKBP1A	FKBP1A	P62942	3.9799e+11
3642 RPS27A	RPS27A	P62979	9.6096e+11
3643 GRB2	GRB2	P62993	1.6336e+11
3645 RAC1	RAC1	P63000	4.214e+10
3646 AP2B1	AP2B1	P63010	4.5525e+11
3648 GNAS	GNAS	P63092	4.6841e+10
3651 PPP3R1	PPP3R1	P63098	3.3786e+10
3652 YWHAZ	YWHAZ	P63104	3.7464e+12
3653 UBE2B	UBE2B	P63146	5140300000
3654 PPP2R2A	PPP2R2A	P63151	1.0867e+11
3656 SUMO1	SUMO1	P63165	9.4565e+10
3657 DYNLL1	DYNLL1	P63167	4.2297e+10
3658 DYNLT1	DYNLT1	P63172	1.8639e+10
3659 RPL38	RPL38	P63173	2.3209e+11
3660 SKP1	SKP1	P63208	2.237e+11
3661 GNG5	GNG5	P63218	2140200000
3662 RPS21	RPS21	P63220	3.6705e+11
3663 EIF5A;EIF5AL1	EIF5A	P63241	1.6125e+12
3664 GNB2L1	GNB2L1	P63244	1.3089e+12
3665 ACTG1	ACTG1	P63261	1.9542e+13
3667 SUPT4H1	SUPT4H1	P63272	2.3413e+10
3671 PPP2CA	PPP2CA	P67775	2.3899e+11
3672 YBX1	YBX1	P67809	9.4868e+11
3673 SEC11A	SEC11A	P67812	4135500000
3674 CSNK2B	CSNK2B	P67870	1.2218e+11
3678 UBE2L3	UBE2L3	P68036	3.5357e+11
3685 TUBB4B	TUBB4B	P68371	6.8798e+12
3686 CSNK2A1;CSNK2A3	CSNK2A1	P68400	2.5101e+11
3687 PAFAH1B2	PAFAH1B2	P68402	1.0933e+11
3688 HIST1H3A;HIST3H3;H3F3C	H3F3C	P68431	2.5697e+11
3695 NOP14	NOP14	P78316	3.6874e+10
3696 RNF4	RNF4	P78317	832010000
3697 IGBP1	IGBP1	P78318	5.0656e+10
3699 PSPH	PSPH	P78330	1.4302e+11
3706 GTF2I	GTF2I	P78347	2.4489e+11
3708 PIP4K2B	PIP4K2B	P78356	2.4098e+10
3711 SRPK2	SRPK2	P78362	3.2704e+10
3719 RAE1	RAE1	P78406	9.6912e+10
3722 GSTO1	GSTO1	P78417	6.783e+11
3726 PRKDC	PRKDC	P78527	7.1879e+11
3728 BLOC1S1	BLOC1S1	P78537	5425600000
3731 ELF3	ELF3	P78545	4309600000
3732 NTHL1	NTHL1	P78549	852140000
3734 CRADD	CRADD	P78560	2992600000
3735 ADARB1	ADARB1	P78563	1429700000
3743 BASP1	BASP1	P80723	1.31e+11
3747 TMF1	TMF1	P82094	3.3593e+10
3751 MRPS10	MRPS10	P82664	6678300000
3763 SARNP	SARNP	P82979	1.4174e+11
3767 COG7	COG7	P83436	3.7743e+10
3768 RPL24	RPL24	P83731	3.2801e+11
3771 SMAD3	SMAD3	P84022	3.0346e+10
3772 ARF1	ARF1	P84077	8.1843e+11
3775 RHOG	RHOG	P84095	1.4156e+10
3776 RPL19	RPL19	P84098	4.9922e+11
3778 SRSF3	SRSF3	P84103	4.1519e+11
3788 DAB2	DAB2	P98082	3.6255e+10
3789 MUC5AC	MUC5AC	P98088	9641700000
3792 HSPG2	HSPG2	P98160	3.3167e+10
3793 XIAP	XIAP	P98170	1.4292e+10
3794 ARHGAP4	ARHGAP4	P98171	1.2428e+10
3800 ATP2C1	ATP2C1	P98194	3005400000
3812 CDK6	CDK6	Q00534	5.3978e+10
3813 CDK5	CDK5	Q00535	4.9472e+10
3814 CDK16	CDK16	Q00536	2246500000
3817 CDC42EP1	CDC42EP1	Q00587	1.2522e+10
3819 CLTC	CLTC	Q00610	3.1735e+12
3820 HSF1	HSF1	Q00613	2.1833e+10
3822 NFKB2	NFKB2	Q00653	5.2091e+10
3824 PLCB2	PLCB2	Q00722	5042400000
3826 SORD	SORD	Q00796	2.3103e+11
3831 SPTBN1	SPTBN1	Q01082	1.7525e+12
3836 SET	SET	Q01105	1.0125e+12
3837 SET	SET	Q01105	2.4349e+11
3838 SRSF2	SRSF2	Q01130	3.4209e+11
3841 RUNX1	RUNX1	Q01196	1.0046e+10
3842 RELB	RELB	Q01201	4469300000
3845 AMPD2	AMPD2	Q01433	7.9748e+10
3847 FABP5	FABP5	Q01469	7.6488e+11
3848 ANK2	ANK2	Q01484	2.432e+10
3851 HMGCS1	HMGCS1	Q01581	2.015e+11
3852 IFITM3	IFITM3	Q01628	9362200000
3855 DR1	DR1	Q01658	3.3031e+10
3856 TFAP4	TFAP4	Q01664	5421700000
3861 SATB1	SATB1	Q01826	1.5559e+10
3865 OCRL	OCRL	Q01968	1.8438e+10
3870 MEF2A	MEF2A	Q02078	353960000
3877 PRKCE	PRKCE	Q02156	2.096e+09
3878 OGDH	OGDH	Q02218	6.654e+10
3879 CENPE	CENPE	Q02224	4.662e+09
3880 KIF23	KIF23	Q02241	2.8488e+10
3881 ALDH6A1	ALDH6A1	Q02252	8699900000
3886 APBA1	APBA1	Q02410	4734700000
3888 SP3	SP3	Q02447	6287200000
3892 RPL18A	RPL18A	Q02543	4.8864e+11
3894 MAP2K1	MAP2K1	Q02750	8.3424e+10
3895 FKBP4	FKBP4	Q02790	1.1477e+12
3896 PLOD1	PLOD1	Q02809	1.328e+11
3899 RPL6	RPL6	Q02878	1.3972e+12
3900 TOP2B	TOP2B	Q02880	2.8973e+10
3904 SLC25A11	SLC25A11	Q02978	4064600000
3905 DST	DST	Q03001	1.6941e+11
3908 DST	DST	Q03001	4160600000
3914 GNA12	GNA12	Q03113	1763300000
3915 CAV1	CAV1	Q03135	1.9418e+10
3917 KMT2A	KMT2A	Q03164	7937800000
3919 CENPC	CENPC	Q03188	1.7594e+10
3924 MVK	MVK	Q03426	3.0152e+10
3925 ERCC6	ERCC6	Q03468	6601500000
3932 RELA	RELA	Q04206	7.2911e+10
3933 UBXN1	UBXN1	Q04323	6.7313e+10
3934 GBE1	GBE1	Q04446	1.5853e+11
3935 	EIF4G1	Q04637	1.1046e+12
3937 	EIF4G1	Q04637	1713800000
3938 ATP7A	ATP7A	Q04656	2120600000
3939 NOTCH2	NOTCH2	Q04721	1.5997e+10
3940 TLE1	TLE1	Q04724	4981600000
3946 AKR1C1	AKR1C1	Q04828	1.8252e+11
3948 REL	REL	Q04864	1.4043e+10
3950 YWHAH	YWHAH	Q04917	3.2527e+11
3954 UBE3A	UBE3A	Q05086	4.1953e+10
3957 PTK2	PTK2	Q05397	6.2167e+10
3960 PRKCZ	PRKCZ	Q05513	2642400000
3961 SRSF11	SRSF11	Q05519	7.7801e+10
3963 PRKCD	PRKCD	Q05655	1.4998e+10
3966 COL14A1	COL14A1	Q05707	7796700000
3967 RNASEL	RNASEL	Q05823	3789200000
3968 FPGS	FPGS	Q05932	4092400000
3972 PTPN11	PTPN11	Q06124	1.0215e+11
3975 PPP2R3A	PPP2R3A	Q06190	2819800000
3976 PPAT	PPAT	Q06203	6.5327e+10
3977 GFPT1	GFPT1	Q06210	4.2327e+11
3980 PSME1	PSME1	Q06323	5.5782e+11
3981 RBPJ	RBPJ	Q06330	8.539e+09
3983 APLP2	APLP2	Q06481	8587800000
3988 RAD51	RAD51	Q06609	2.3543e+10
3994 FMR1	FMR1	Q06787	4.0438e+10
3995 PRDX1	PRDX1	Q06830	3.8726e+12
3999 RPL18	RPL18	Q07020	1.1166e+12
4000 C1QBP	C1QBP	Q07021	2.5237e+11
4004 TJP1	TJP1	Q07157	2.4615e+11
4005 TJP1	TJP1	Q07157	5.721e+09
4007 ZFP36L1	ZFP36L1	Q07352	7.335e+09
4011 BAX	BAX	Q07812	5.5099e+10
4014 BCL2L1	BCL2L1	Q07817	1.0173e+10
4015 MCL1	MCL1	Q07820	1610800000
4016 POLE	POLE	Q07864	7178200000
4017 KLC1	KLC1	Q07866	1318100000
4018 KLC1	KLC1	Q07866	1.8793e+11
4021 SOS1	SOS1	Q07889	1.919e+09
4022 TNK2	TNK2	Q07912	8.463e+09
4023 LRP1	LRP1	Q07954	2.0534e+10
4024 SRSF1	SRSF1	Q07955	5.5073e+11
4028 AES	AES	Q08117	6052800000
4029 SRSF4	SRSF4	Q08170	1.4745e+10
4032 PPP3CA	PPP3CA	Q08209	6.4293e+10
4033 DHX9	DHX9	Q08211	1.1256e+12
4041 EHHADH	EHHADH	Q08426	6202300000
4045 PDE4D	PDE4D	Q08499	4042100000
4048 CD47	CD47	Q08722	9019900000
4049 PPID	PPID	Q08752	1.1532e+11
4050 SSRP1	SSRP1	Q08945	3.7521e+11
4053 SPIRE1	SPIRE1	Q08AE8	2701200000
4057 VAC14	VAC14	Q08AM6	3.601e+10
4059 NSUN2	NSUN2	Q08J23	3.1944e+11
4063 RBBP4	RBBP4	Q09028	3.2667e+11
4066 NCBP1	NCBP1	Q09161	1.3911e+11
4068 EP300	EP300	Q09472	2.8611e+10
4085 MGAT2	MGAT2	Q10469	1963400000
4088 AP1B1	AP1B1	Q10567	9.967e+10
4089 AP1B1	AP1B1	Q10567	7413100000
4090 CPSF1	CPSF1	Q10570	7.3283e+10
4092 BST2	BST2	Q10589	3716600000
4099 NUP160	NUP160	Q12769	9.3246e+10
4104 KCNMA1	KCNMA1	Q12791	3568300000
4105 TWF1	TWF1	Q12792	1.5974e+11
4107 ASPH	ASPH	Q12797	2.3643e+10
4114 SMARCB1	SMARCB1	Q12824	3.4158e+10
4116 CDC20	CDC20	Q12834	1.9539e+10
4120 GRSF1	GRSF1	Q12849	4.2691e+10
4121 MAP4K2	MAP4K2	Q12851	2209200000
4128 DPYD	DPYD	Q12882	5319100000
4133 TRIM26	TRIM26	Q12899	1.8391e+10
4134 AIMP1	AIMP1	Q12904	2.244e+11
4136 ILF3	ILF3	Q12906	1.3552e+12
4138 PTPRJ	PTPRJ	Q12913	1.71e+09
4141 EPS8	EPS8	Q12929	5.6289e+10
4143 TRAF2	TRAF2	Q12933	1.9899e+10
4147 ANK3	ANK3	Q12955	2.8514e+10
4149 DLG1	DLG1	Q12959	1876100000
4150 DLG1	DLG1	Q12959	6.2871e+10
4152 TAF10	TAF10	Q12962	1.4546e+10
4153 MYO1E	MYO1E	Q12965	6.351e+10
4154 NFATC3	NFATC3	Q12968	4325900000
4157 ABR	ABR	Q12979	2.4137e+10
4166 ECH1	ECH1	Q13011	5.9137e+10
4168 ARHGAP5	ARHGAP5	Q13017	1.1967e+10
4173 CDC16	CDC16	Q13042	1.9184e+10
4174 STK4	STK4	Q13043	1.7462e+10
4177 TRIM32	TRIM32	Q13049	1.6121e+10
4178 COASY	COASY	Q13057	5.9683e+10
4184 ACACA	ACACA	Q13085	1.6698e+11
4186 GPS1	GPS1	Q13098	9.8411e+10
4187 IFT88	IFT88	Q13099	6425400000
4188 USP4	USP4	Q13107	1.6281e+10
4189 CHAF1A	CHAF1A	Q13111	2.1192e+10
4190 CHAF1B	CHAF1B	Q13112	2.309e+10
4192 TRAF3	TRAF3	Q13114	1.433e+09
4195 MTAP	MTAP	Q13126	2.3443e+11
4197 PRKAA1	PRKAA1	Q13131	4.1943e+10
4200 EIF2B5	EIF2B5	Q13144	3.6588e+10
4201 TARDBP	TARDBP	Q13148	1.7468e+11
4203 PAK1	PAK1	Q13153	1.8598e+10
4205 FADD	FADD	Q13158	2.0967e+10
4206 PRDX4	PRDX4	Q13162	1.3526e+11
4207 MAP2K5	MAP2K5	Q13163	7616300000
4208 MAPK7	LTK	Q13164	2540400000
4209 PAK2	PAK2	Q13177	3.6977e+11
4211 STK3	STK3	Q13188	3.5005e+10
4213 CBLB	CBLB	Q13191	2352200000
4214 PSMD2	PSMD2	Q13200	1.0791e+12
4217 TBX2	TBX2	Q13207	873930000
4220 DNAJC3	DNAJC3	Q13217	8.1936e+10
4221 GPS2	GPS2	Q13227	2.314e+09
4223 NME3	NME3	Q13232	4780600000
4224 MAP3K1	MAP3K1	Q13233	889790000
4225 SRSF9	SRSF9	Q13242	1.6323e+11
4226 SRSF5	SRSF5	Q13243	1.177e+11
4227 SRSF6	SRSF6	Q13247	3.7463e+11
4228 MAD2L1	MAD2L1	Q13257	4.3153e+10
4230 TRIM28	TRIM28	Q13263	8.1959e+11
4234 G3BP1	G3BP1	Q13283	7.3146e+11
4239 PTK7	PTK7	Q13308	2.353e+09
4240 SKP2	SKP2	Q13309	4578400000
4243 ATM	ATM	Q13315	2.3601e+10
4244 GRB10	GRB10	Q13322	1.0502e+10
4247 MTA1	MTA1	Q13330	5.1078e+10
4255 PPP2R5C	PPP2R5C	Q13362	1.285e+10
4264 UBE2V1	UBE2V1	Q13404	3.2509e+10
4266 DYNC1I2	DYNC1I2	Q13409	2.0559e+11
4269 ILK	ILK	Q13418	1.0129e+11
4276 XRCC4	XRCC4	Q13426	3.1068e+10
4282 UNC119	UNC119	Q13432	1665900000
4283 SLC39A6	SLC39A6	Q13433	426940000
4287 GOLGA4	GOLGA4	Q13439	1.016e+11
4289 ADAM9	ADAM9	Q13443	3631700000
4292 MYO9B	MYO9B	Q13459	5.1496e+10
4293 ROCK1	ROCK1	Q13464	7.3679e+10
4294 NFATC2	NFATC2	Q13469	8195100000
4297 GAB1	GAB1	Q13480	2584200000
4298 SMAD4	SMAD4	Q13485	2.0247e+10
4303 BIRC2	BIRC2	Q13490	9738900000
4304 PICALM	PICALM	Q13492	1.234e+11
4305 MTM1	MTM1	Q13496	4832700000
4306 SQSTM1	SQSTM1	Q13501	3.2392e+11
4315 PIN1	PIN1	Q13526	1.0672e+11
4316 ATR	ATR	Q13535	5711100000
4317 EIF4EBP1	EIF4EBP1	Q13541	3.0465e+10
4318 EIF4EBP2	EIF4EBP2	Q13542	1.0226e+10
4319 RIPK1	RIPK1	Q13546	4.248e+10
4320 HDAC1	HDAC1	Q13547	2.0716e+11
4323 CAMK2G	CAMK2G	Q13555	2.2267e+10
4324 CAMK2D	CAMK2D	Q13557	8.1032e+10
4325 DCTN2	DCTN2	Q13561	2.7325e+11
4326 NAE1	NAE1	Q13564	8.6068e+10
4327 IRF5	IRF5	Q13568	3092600000
4328 TDG	TDG	Q13569	1073800000
4330 SNW1	SNW1	Q13573	8.8107e+10
4331 DGKZ	DGKZ	Q13574	4844600000
4332 IQGAP2	IQGAP2	Q13576	3.4471e+10
4334 STIM1	STIM1	Q13586	2754500000
4336 SNX1	SNX1	Q13596	1.221e+11
4340 MTMR1	MTMR1	Q13613	9218700000
4341 MTMR2	MTMR2	Q13614	1.057e+10
4342 MTMR3	MTMR3	Q13615	7908100000
4343 CUL1	CUL1	Q13616	1.0533e+11
4345 CUL3	CUL3	Q13618	7.8804e+10
4346 CUL4A	CUL4A	Q13619	5.6319e+10
4349 TP53BP2	TP53BP2	Q13625	1.7707e+10
4350 DYRK1A	DYRK1A	Q13627	1.3945e+10
4351 TSTA3	TSTA3	Q13630	8.9331e+10
4356 FHL1	FHL1	Q13642	9.0264e+10
4359 RIN1	RIN1	Q13671	1.4597e+10
4363 MOGS	MOGS	Q13724	1923700000
4370 THOC5	THOC5	Q13769	3.2804e+10
4373 SHROOM2	SHROOM2	Q13796	7055100000
4374 SPTAN1	SPTAN1	Q13813	2.2035e+12
4376 SPTAN1	SPTAN1	Q13813	3971300000
4379 TNFAIP1	TNFAIP1	Q13829	2025400000
4381 DDX39B	DDX39B	Q13838	1.0437e+12
4383 EXOSC2	EXOSC2	Q13868	3.8184e+10
4389 GTF2H3	GTF2H3	Q13889	5521700000
4391 RAPGEF1	RAPGEF1	Q13905	1208300000
4399 CBFB	CBFB	Q13951	5259400000
4400 CBFB	CBFB	Q13951	5.08e+10
4402 PRKG1	PRKG1	Q13976	5.107e+09
4405 CKAP5	CKAP5	Q14008	2.3244e+11
4407 CAMK1	CAMK1	Q14012	1.5571e+10
4419 IL18	IL18	Q14116	3.1235e+10
4420 DAG1	DAG1	Q14118	6063600000
4422 PDE1C	PDE1B	Q14123	1.4663e+10
4426 BOP1	BOP1	Q14137	1.0316e+11
4430 KEAP1	KEAP1	Q14145	1.3859e+10
4433 MORC3	MORC3	Q14149	2.0779e+10
4436 ARHGEF7	ARHGEF7	Q14155	3.7681e+10
4440 SPIDR	SPIDR	Q14159	2.305e+09
4441 SCRIB	SCRIB	Q14160	1.858e+10
4444 IKBKE	IKBKE	Q14164	1221300000
4445 MLEC	MLEC	Q14165	5.018e+09
4448 POLA2	POLA2	Q14181	1.8503e+10
4453 WRN	WRN	Q14191	8804500000
4457 DPYSL3	DPYS	Q14195	4.517e+11
4462 DCTN1	DCTN1	Q14203	2.5436e+11
4463 DYNC1H1	DYNC1H1	Q14204	2.1073e+12
4470 TCEB3	TCEB3	Q14241	4546600000
4473 CTTN	CTTN	Q14247	5.7284e+11
4475 ENDOG	ENDOG	Q14249	2541900000
4478 TRIM25	TRIM25	Q14258	2.5837e+11
4479 PTK2B	PTK2B	Q14289	5870900000
4486 GNA13	GNA13	Q14344	3561400000
4487 GAMT	GAMT	Q14353	1.1994e+10
4489 GAS6	GAS6	Q14393	3380200000
4493 CAPRIN1	CAPRIN1	Q14444	2.9102e+11
4496 BECN1	BECN1	Q14457	5974200000
4498 SLBP	SLBP	Q14493	7973700000
4506 SCN5A	SCN5A	Q14524	3597200000
4509 PDIA5	PDIA5	Q14554	3.6562e+10
4515 ITPR3	ITPR3	Q14573	4097900000
4519 NBR1	NBR1	Q14596	2213500000
4523 IRF3	IRF3	Q14653	1.7854e+10
4530 ESPL1	ESPL1	Q14674	1187200000
4531 MDC1	MDC1	Q14676	2.0511e+10
4533 KANK1	KANK1	Q14678	1.0279e+10
4534 MELK	MELK	Q14680	1781100000
4536 SMC1A	SMC1A	Q14683	3.4296e+11
4538 NCOA6	NCOA6	Q14686	2029700000
4544 LPIN1	LPIN1	Q14693	9.748e+09
4545 USP10	USP10	Q14694	1.056e+11
4547 GANAB	GANAB	Q14697	6.6788e+10
4548 GANAB	GANAB	Q14697	1.0943e+12
4552 PPP2R5D	PPP2R5D	Q14738	7.2787e+10
4557 MVP	MVP	Q14764	5.4714e+11
4559 LTBP1	LTBP1	Q14766	4.394e+09
4563 CASP8	CASP8	Q14790	2.8354e+10
4567 KIF22	KIF22	Q14807	1.3117e+10
4578 NFATC4	NFATC4	Q14934	4651900000
4583 KPNB1	KPNB1	Q14974	1.0742e+12
4589 PSME4	PSME4	Q14997	4.5089e+10
4590 CUL7	CUL7	Q14999	6.024e+09
4600 SPCS2	SPCS2	Q15005	2959500000
4602 WTAP	WTAP	Q15007	3.4911e+10
4603 PSMD6	PSMD6	Q15008	3.3807e+11
4608 SART3	SART3	Q15020	1.6682e+11
4612 TNIP1	TNIP1	Q15025	7589500000
4622 SLC39A14	SLC39A14	Q15043	2.255e+09
4623 KARS	KARS	Q15046	5.1764e+11
4627 ARHGEF6	ARHGEF6	Q15052	5884800000
4628 POLD3	POLD3	Q15054	1.6134e+10
4633 KIF14	KIF14	Q15058	1.0819e+10
4641 ACOX1	ACOX1	Q15067	4.2561e+10
4646 PDIA6	PDIA6	Q15084	6.6274e+11
4647 PAFAH1B3	PAFAH1B3	Q15102	1.7049e+11
4650 PDK1	PDK1	Q15118	2485400000
4652 PDK3	PDK3	Q15120	2.463e+09
4653 PEA15	PEA15	Q15121	1.4651e+11
4657 PRKD1	PRKD1	Q15139	2.934e+09
4666 PCM1	PCM1	Q15154	1.0341e+11
4672 PPP2R5A	PPP2R5A	Q15172	1.0211e+10
4673 PPP2R5B	PPP2R5B	Q15173	4866900000
4675 PTGES3	PTGES3	Q15185	6.3375e+11
4679 PPP2R4	PPP2R4	Q15257	7.6056e+10
4681 PTPRK	PTPRK	Q15262	8070400000
4683 QPRT	QPRT	Q15274	5.2561e+10
4687 RNPS1	RNPS1	Q15287	7.3529e+10
4688 RBBP5	RBBP5	Q15291	3.0445e+10
4691 IRF4	IRF4	Q15306	7646800000
4695 LLGL1	LLGL1	Q15334	1.9612e+10
4698 TTF1	TTF1	Q15361	2041700000
4701 PCBP2	PCBP2	Q15366	2458600000
4702 PCBP2	PCBP2	Q15366	1.0871e+12
4703 PCBP2	PCBP2	Q15366	4.265e+10
4704 PCBP2	PCBP2	Q15366	2120800000
4705 TCEB1	TCEB1	Q15369	1.5846e+11
4706 TCEB2	TCEB2	Q15370	2.6168e+11
4714 DLGAP5	DLGAP5	Q15398	1.1966e+10
4716 RSU1	RSU1	Q15404	5.2201e+10
4719 RPS6KA1	RPS6KA1	Q15418	1.2465e+11
4727 SEC23A	SEC23A	Q15436	1.1589e+11
4732 STIL	STIL	Q15468	1764300000
4740 TAF5	TAF5	Q15542	9505300000
4741 TAF11	TAF11	Q15544	640840000
4742 TAF7	TAF7	Q15545	1.0477e+10
4743 TERF2	TERF2	Q15554	8831600000
4749 TGIF1;TGIF2	TGIF1	Q15583	895800000
4750 NCOA2	NCOA2	Q15596	5.759e+09
4754 TRADD	TRADD	Q15628	1.7719e+10
4757 TARBP2	TARBP2	Q15633	8601600000
4763 TRIP13	TRIP13	Q15645	9.7851e+10
4764 OASL	OASL	Q15646	3741400000
4765 MED1	MED1	Q15648	2.9078e+10
4770 NFKBIB	NFKBIB	Q15653	1.8077e+10
4771 TRIP6	TRIP6	Q15654	1.479e+11
4774 MAPRE1	MAPRE1	Q15691	4.3271e+11
4786 MYLK	MYLK	Q15746	5.7128e+10
4789 TAB1	TAB1	Q15750	2.179e+10
4796 NCOA1	NCOA1	Q15788	2820300000
4797 SMAD2	SMAD2	Q15796	5265200000
4798 SMAD1	SMAD1	Q15797	3115900000
4802 TBCE	TBCE	Q15813	8.2334e+10
4804 UBE2V2	UBE2V2	Q15819	2.1115e+11
4807 STXBP2	STXBP2	Q15833	6.3465e+10
4809 VAMP3	VAMP3	Q15836	2.7349e+10
4813 ATP6AP1	ATP6AP1	Q15904	1185700000
4815 RAB11B	RAB11B	Q15907	9.1354e+10
4816 EZH2	EZH2	Q15910	2.4209e+10
4818 ZYX	ZYX	Q15942	4.1173e+11
4825 UAP1	UAP1	Q16222	2.1212e+11
4830 PDCD2	PDCD2	Q16342	4635100000
4836 PSMD5	PSMD5	Q16401	1.3609e+11
4837 PKN1	PKN1	Q16512	2.3451e+10
4838 PKN2	PKN2	Q16513	4.4405e+10
4840 TAF12	TAF12	Q16514	2999200000
4842 CRY1	CRY1	Q16526	559770000
4844 DDB1	DDB1	Q16531	5.5881e+11
4847 MAPK14	MAPK14	Q16539	5.4085e+10
4852 DPYSL2	DPYSL2	Q16555	4.9925e+11
4855 CAMK4	CAMK4	Q16566	5141700000
4856 RBBP7	RBBP7	Q16576	4.8591e+11
4857 TAF9	TAF9	Q16594	6546300000
4858 FXN	FXN	Q16595	3843200000
4866 SRSF7	SRSF7	Q16629	2.5346e+11
4869 DBN1	DBN1	Q16643	3.716e+11
4871 MAPKAPK3	MAPKAPK3	Q16644	5635700000
4876 NRF1	NRF1	Q16656	7431500000
4880 IFI16	IFI16	Q16666	8.3631e+10
4884 DECR1	DECR1	Q16698	6.7347e+10
4885 MAN2A1	MAN2A1	Q16706	5.686e+09
4887 KYNU	KYNU	Q16719	8.8642e+10
4891 TST	TST	Q16762	2.4969e+10
4892 UBE2S	UBE2S	Q16763	3.2993e+10
4895 CCBL1	CCBL1	Q16773	4249100000
4896 GUK1	GUK1	Q16774	3077400000
4897 GUK1	GUK1	Q16774	2.8135e+10
4898 HAGH	HAGH	Q16775	3.4847e+10
4906 PCK2	PCK2	Q16822	2.316e+10
4908 UPP1	UPP1	Q16831	7.8652e+10
4910 HADH	HADH	Q16836	5.6327e+10
4912 UGP2	UGP2	Q16851	3.1072e+11
4915 ATP6V1F	ATP6V1F	Q16864	2.3729e+10
4922 TPD52L1	TPD52L1	Q16890	2.5027e+10
4923 IMMT	IMMT	Q16891	3.4949e+10
4929 CPEB4	CPEB4	Q17RY0	2755100000
4970 ATG2A	ATG2A	Q2TAZ0	4936600000
4972 HKDC1	HKDC1	Q2TB90	2.6742e+10
4989 PGS1	PGS1	Q32NB8	910860000
5014 ARL13B	ARL13B	Q3SXY8	928840000
5020 CCDC88A	CCDC88A	Q3V6T2	2.9532e+10
5039 C2CD3	C2CD3	Q4AC94	2202400000
5045 NADK2	NADK2	Q4G0N4	6970600000
5054 PLCH1	PLCH1	Q4KWH8	8678300000
5057 ARID4B	ARID4B	Q4LE39	1.2075e+10
5063 AMOT	AMOT	Q4VCS5	3262400000
5066 FNDC1	FNDC1	Q4ZHG4	1.1909e+10
5075 PDCD4	PDCD4	Q53EL6	5.8219e+10
5077 CRTC2	CRTC2	Q53ET0	4390900000
5082 C11orf73	C11orf73	Q53FT3	7724500000
5089 PARP10	PARP10	Q53GL7	6529500000
5090 HSD17B12	HSD17B12	Q53GQ0	4.581e+09
5091 GLE1	GLE1	Q53GS7	1.0687e+10
5093 KLHL22	KLHL22	Q53GT1	2058300000
5095 SETMAR	SETMAR	Q53H47	2486700000
5114 TAF1B	TAF1B	Q53T94	829040000
5151 PDZD11	PDZD11	Q5EBL8	1.1335e+10
5172 SH3D19	SH3D19	Q5HYK7	2638300000
5181 MIA3	MIA3	Q5JRA6	3.921e+09
5204 PCID2	PCID2	Q5JVF3	2.1761e+10
5207 HABP4	HABP4	Q5JVS0	7152600000
5215 SMEK2	SMEK2	Q5MIZ7	1.4352e+10
5217 WDR45B	WDR45B	Q5MNZ6	9723100000
5218 WIPI1	WIPI1	Q5MNZ9	1.1179e+10
5231 EXOSC6	EXOSC6	Q5RKV6	3.7366e+10
5232 ATAT1	ATAT1	Q5SQI0	1249600000
5235 NUP188	NUP188	Q5SRE5	4.8836e+10
5238 HP1BP3	HP1BP3	Q5SSJ5	5.1108e+10
5244 LDLRAP1	LDLRAP1	Q5SW96	2309300000
5257 FNBP1L	FNBP1L	Q5T0N5	3.1786e+10
5273 PDZK1;PDZK1P1	PDZK1	Q5T2W1	2.6423e+10
5287 ARHGAP21	ARHGAP21	Q5T5U3	3043200000
5315 ZCCHC11	ZCCHC11	Q5TAX3	2118700000
5317 RNASEH2B	RNASEH2B	Q5TBB1	1.1348e+10
5321 RC3H1	RC3H1	Q5TC82	2.743e+09
5363 RNF20	RNF20	Q5VTR2	7.9347e+10
5376 YOD1	YOD1	Q5VVQ6	2027600000
5380 TAF3	TAF3	Q5VWG9	982830000
5386 DAB2IP	DAB2IP	Q5VWQ8	4459900000
5398 LRRC16A	LRRC16A	Q5VZK9	3.425e+10
5429 MAP1S	MAP1S	Q66K74	4.5458e+10
5445 RPGRIP1L	RPGRIP1L	Q68CZ1	1374400000
5452 FMN1	FMN1	Q68DA7	7.413e+09
5456 MSL1	MSL1	Q68DK7	5654500000
5465 SPECC1L	SPECC1L	Q69YQ0	4.7129e+10
5476 ADAL	ADAL	Q6DHV7	1657100000
5485 RLTPR	RLTPR	Q6F5E8	4604200000
5492 OTUD7B	OTUD7B	Q6GQQ9	1.4423e+10
5496 THOC7	THOC7	Q6I9Y2	2.3729e+10
5497 NADSYN1	NADSYN1	Q6IA69	6.98e+09
5499 LAMTOR1	LAMTOR1	Q6IAA8	4234800000
5501 TWF2	TWF2	Q6IBS0	2.0349e+11
5510 SMEK1	SMEK1	Q6IN85	4.5957e+10
5514 RAB12	RAB12	Q6IQ22	2900700000
5518 GRHL2	GRHL2	Q6ISB3	5830900000
5522 NIPBL	NIPBL	Q6KC79	1.7942e+10
5560 JMJD6	JMJD6	Q6NYC1	3.2874e+10
5572 CDC73	CDC73	Q6P1J9	3.8435e+10
5583 METTL2B	METTL2B	Q6P1Q9	1.4677e+10
5598 SCYL2	SCYL2	Q6P3W7	3.7936e+10
5617 ALKBH5	ALKBH5	Q6P6C2	1.8026e+10
5630 RFWD3	RFWD3	Q6PCD5	2229300000
5633 CTR9	CTR9	Q6PD62	5.3078e+10
5636 PSRC1	PSRC1	Q6PGN9	2033500000
5640 ULK3	ULK3	Q6PHR2	2067900000
5654 FIGNL1	FIGNL1	Q6PIW4	2030100000
5680 BLOC1S3	BLOC1S3	Q6QNY0	8886100000
5681 BLOC1S2	BLOC1S2	Q6QNY1	4781800000
5682 RICTOR	RICTOR	Q6R327	2.764e+10
5690 SARM1	SARM1	Q6SZW1	6999800000
5694 MTHFD1L	MTHFD1L	Q6UB35	2.862e+10
5695 ANKRD11	ANKRD11	Q6UB99	6668400000
5698 CRTC3	CRTC3	Q6UUV7	1730800000
5699 CRTC1	CRTC1	Q6UUV9	3082500000
5701 CSPG4	CSPG4	Q6UVK1	1.833e+10
5716 FAM175A	FAM175A	Q6UWZ7	4133700000
5728 BAIAP2L2	BAIAP2L2	Q6UXY1	7056900000
5734 BCOR	BCOR	Q6W2J9	3138100000
5741 NAPRT	NAPRT	Q6XQN6	3.8898e+10
5745 GIGYF2	GIGYF2	Q6Y7W6	5.3889e+10
5746 CD109	CD109	Q6YHK3	9.4009e+10
5749 CCBL2	CCBL2	Q6YP21	3.4131e+10
5774 SRCAP	SRCAP	Q6ZRS2	1.7291e+10
5787 UBR3	UBR3	Q6ZT12	2633400000
5798 PIK3AP1	PIK3AP1	Q6ZUJ8	5595200000
5814 PAXIP1	PAXIP1	Q6ZW49	5497200000
5816 STXBP4	STXBP4	Q6ZWJ1	6.609e+09
5818 GTF2H5	GTF2H5	Q6ZYL4	3737400000
5821 USP34	USP34	Q70CQ2	1.1601e+10
5825 MOB2	MOB2	Q70IA6	3591700000
5826 UNC13D	UNC13D	Q70J99	1.8395e+10
5836 CENPU	CENPU	Q71F23	4738400000
5844 RPS27L	RPS27L	Q71UM5	2.9082e+10
5845 CBLL1	CBLL1	Q75N03	7809800000
5848 NOL8	ATG16L2	Q76FK4	9132600000
5849 SSH2	SSH2	Q76I76	4320800000
5855 SUPT6H	SUPT6H	Q7KZ85	1.2452e+11
5856 SUPT6H	SUPT6H	Q7KZ85	4415300000
5859 	MARK2	Q7KZI7	1.7485e+10
5866 CYB5R4	CYB5R4	Q7L1T6	5208400000
5874 MEPCE	MEPCE	Q7L2J0	5.1693e+10
5877 CENPQ	CENPQ	Q7L2Z9	1423800000
5884 RRAGA	RRAGA	Q7L523	1.8845e+10
5885 CYFIP1	CYFIP1	Q7L576	1.5321e+11
5894 ENOSF1	ENOSF1	Q7L5Y1	5376600000
5899 TAOK1	TAOK1	Q7L7X3	9672500000
5920 APTX	APTX	Q7Z2E3	6198100000
5925 ZC3HAV1	ZC3HAV1	Q7Z2W4	1.4614e+11
5932 SETX	SETX	Q7Z333	3.2934e+10
5934 KANSL1	KANSL1	Q7Z3B3	5838400000
5935 NUP54	NUP54	Q7Z3B4	8.4157e+10
5950 MYH14	MYH14	Q7Z406	2.8174e+11
5953 MAVS	MAVS	Q7Z434	3339300000
5954 CLASP1	CLASP1	Q7Z460	5.1763e+10
5967 TTC21B	TTC21B	Q7Z4L5	1738600000
5982 WAPAL	WAPAL	Q7Z5K2	5.0416e+10
5986 CPEB2	CPEB2	Q7Z5Q1	3058800000
5993 SRGAP1	SRGAP1	Q7Z6B7	1.3122e+10
5997 SH3RF1	SH3RF1	Q7Z6J0	2560900000
6009 HUWE1	CARNS1	Q7Z6Z7	4.276e+11
6013 PXK	PXK	Q7Z7A4	4913700000
6022 MRPL10	MRPL10	Q7Z7H8	1327400000
6026 CENPV	CENPV	Q7Z7K6	1.345e+10
6058 SETD3	SETD3	Q86TU7	3.1759e+10
6064 PABPN1	PABPN1	Q86U42	3199400000
6065 METTL3	METTL3	Q86U44	3.0878e+10
6066 LDB1	LDB1	Q86U70	3268200000
6070 RPAIN	RPAIN	Q86UA6	5469900000
6072 MTDH	MTDH	Q86UE4	6726900000
6073 TLK2	TLK2	Q86UE8	7495400000
6082 SMG6	SMG6	Q86US8	6664200000
6084 BCL9L	BCL9L	Q86UU0	1.0643e+10
6088 CADPS2	CADPS2	Q86UW7	3315600000
6096 AACS	AACS	Q86V21	2.781e+10
6099 ALYREF	ALYREF	Q86V81	2.1575e+11
6103 IQGAP3	IQGAP3	Q86VI3	2.9535e+10
6114 HOOK3	HOOK3	Q86VS8	3.3996e+10
6124 THOC6	THOC6	Q86W42	3.0965e+10
6125 METTL16	METTL16	Q86W50	1.4059e+10
6152 CARM1	CARM1	Q86X55	6.7752e+10
6159 HOGA1	HOGA1	Q86XE5	5674300000
6162 FBXO11	FBXO11	Q86XK2	3518100000
6164 ANKLE2	ANKLE2	Q86XL3	1.0738e+10
6183 STX12	STX12	Q86Y82	1.4436e+10
6185 ERO1LB	ERO1LB	Q86YB8	2636300000
6190 HOMER1	HOMER1	Q86YM7	7.981e+09
6191 GATAD2A	GATAD2A	Q86YP4	4.8102e+10
6196 C2CD5	C2CD5	Q86YS7	1.2421e+10
6197 MIB1	MIB1	Q86YT6	6531800000
6203 CAMK1D	CAMK1D	Q8IU85	2896900000
6214 CRLF3	CRLF3	Q8IUI8	1.7524e+10
6226 PLD3	PLD3	Q8IV08	1.8392e+10
6234 VRK3	VRK3	Q8IV63	3972300000
6243 MMAA	MMAA	Q8IVH4	1953400000
6244 MAP4K3	MAP4K3	Q8IVH8	4639400000
6259 APLF	APLF	Q8IW19	1066200000
6280 GCC2	GCC2	Q8IWJ2	4.1501e+10
6290 SULF1	SULF1	Q8IWU6	9192300000
6292 UBR2	UBR2	Q8IWV8	1.1814e+10
6296 CHERP	CHERP	Q8IWX8	9.8583e+10
6311 NELFCD	NELFCD	Q8IXH7	4.1269e+10
6314 SIRT2	SIRT2	Q8IXJ6	4548400000
6334 ZC3H3	ZC3H3	Q8IXZ2	4599900000
6335 PNPLA6	PNPLA6	Q8IY17	1096300000
6336 SMC5	SMC5	Q8IY18	1.8929e+10
6339 IFT20	IFT20	Q8IY31	2652100000
6340 MICALL2	MICALL2	Q8IY33	1.0791e+10
6345 AMOTL1	AMOTL1	Q8IY63	5353500000
6348 FTSJ3	FTSJ3	Q8IY81	1.2567e+11
6352 SRRM1	SRRM1	Q8IYB3	9.9844e+10
6356 SUPV3L1	SUPV3L1	Q8IYB8	1.363e+10
6366 TRIM22	TRIM22	Q8IYM9	5179800000
6376 MICU2	MICU2	Q8IYU8	1512300000
6396 ABI1	ABI1	Q8IZP0	6.0298e+10
6397 WDFY3	WDFY3	Q8IZQ1	3054600000
6399 ASPM	ASPM	Q8IZT6	2.6174e+10
6402 CENPL	CENPL	Q8N0S6	383400000
6407 SPG20	SPG20	Q8N0X7	5.8119e+10
6414 RPTOR	RPTOR	Q8N122	1.4176e+10
6422 CCAR2	CCAR2	Q8N163	2.5493e+11
6424 NDUFAF2	NDUFAF2	Q8N183	1.9845e+10
6429 NUP93	NUP93	Q8N1F7	2.4507e+11
6440 INTS1	INTS1	Q8N201	9.889e+09
6455 APITD1	APITD1	Q8N2Z9	1873200000
6459 GPD1L	GPD1L	Q8N335	3.3168e+10
6473 MPP5	MPP5	Q8N3R9	2.0789e+10
6491 MINK1	MINK1	Q8N4C8	7460600000
6499 CHCHD4	CHCHD4	Q8N4Q1	1.5248e+10
6513 OXR1	OXR1	Q8N573	1.8007e+10
6520 TAB3	TAB3	Q8N5C8	1123500000
6521 WDTC1	WDTC1	Q8N5D0	2630800000
6522 NKAP	NKAP	Q8N5F7	1.0115e+10
6545 COMMD1	COMMD1	Q8N668	8568300000
6557 ARFGAP1	ARFGAP1	Q8N6T3	7.112e+10
6565 PAF1	PAF1	Q8N7H5	5.4393e+10
6570 MB21D1	MB21D1	Q8N884	3.945e+09
6598 SCAI	SCAI	Q8N9R8	1274700000
6614 KDM1B	KDM1B	Q8NB78	3281500000
6638 ATAD1	ATAD1	Q8NBU5	2255400000
6656 PLA2G15	PLA2G15	Q8NCC3	4944500000
6657 HJURP	HJURP	Q8NCD3	7575800000
6659 MTMR14	MTMR14	Q8NCE2	4238900000
6666 DYNC2H1	DYNC2H1	Q8NCM8	6652900000
6675 CCNY	CCNY	Q8ND76	1614600000
6686 TNRC6A	TNRC6A	Q8NDV7	5812500000
6696 PIK3C3	PIK3C3	Q8NEB9	1.6379e+10
6703 SUPT20H	SUPT20H	Q8NEM7	1228800000
6715 WDR19	WDR19	Q8NEZ3	5659800000
6717 FBXO22	FBXO22	Q8NEZ5	1.851e+10
6722 SYNE1	SYNE1	Q8NF91	7.4975e+10
6726 FLAD1	FLAD1	Q8NFF5	1.8447e+10
6727 FLCN	FLCN	Q8NFG4	4205400000
6728 NUP43	NUP43	Q8NFH3	4.4412e+10
6729 NUP37	NUP37	Q8NFH4	4.6488e+10
6730 NUP35	NUP35	Q8NFH5	3.9981e+10
6740 CMAS	CMAS	Q8NFW8	3.9175e+10
6749 CASC5	CASC5	Q8NG31	1.4752e+10
6754 KDM2B	KDM2B	Q8NHM5	1380900000
6762 RFWD2	RFWD2	Q8NHY2	1745900000
6763 CDC26	CDC26	Q8NHZ8	6587100000
6766 MCFD2	MCFD2	Q8NI22	3.4042e+10
6768 THOC2	THOC2	Q8NI27	3.7008e+10
6770 WDR36	WDR36	Q8NI36	8.6367e+10
6779 SLC30A5	SLC30A5	Q8TAD4	956450000
6784 WDR48	WDR48	Q8TAF3	2.085e+10
6804 SLC35B2	SLC35B2	Q8TB61	8765200000
6816 NANP	NANP	Q8TBE9	5278300000
6828 TRMT10A	TRMT10A	Q8TBZ6	6977700000
6836 NT5C	NT5C	Q8TCD5	2.3168e+10
6840 PI4K2B	PI4K2B	Q8TCG2	924110000
6841 STT3B	STT3B	Q8TCJ2	2706400000
6843 PNPT1	PNPT1	Q8TCS8	4.6509e+10
6849 PREX1	PREX1	Q8TCU6	1.3274e+10
6852 DYNC2LI1	DYNC2LI1	Q8TCX1	685750000
6859 BICD2	BICD2	Q8TD16	3.8051e+10
6862 GPT2	GPT	Q8TD30	1.9877e+10
6868 BLOC1S5	BLOC1S5	Q8TDH9	8328200000
6873 DLG5	DLG5	Q8TDM6	5188600000
6878 TRAF3IP1	TRAF3IP1	Q8TDR0	2026700000
6882 RB1CC1	RB1CC1	Q8TDY2	1.271e+10
6884 MICAL1	MICAL1	Q8TDZ2	1.665e+10
6886 PANK1	PANK1	Q8TE04	1055600000
6892 SSH3	SSH3	Q8TE77	2.145e+10
6895 DTD1	DTD1	Q8TEA8	9.846e+09
6905 NUP210	NUP210	Q8TEM1	3297700000
6906 CEP192	CEP192	Q8TEP8	5137700000
6913 PARD3	PARD3	Q8TEW0	3.4559e+10
6917 USP33	USP33	Q8TEY7	2983600000
6922 UBASH3B	UBASH3B	Q8TF42	1.6489e+10
6932 SETD7	SETD7	Q8WTS6	9237400000
6959 HDAC7	HDAC7	Q8WUI4	9289300000
6960 STYX	STYX	Q8WUJ0	1278400000
6961 CEMIP	CEMIP	Q8WUJ3	6231600000
6962 PTPMT1	PTPMT1	Q8WUK0	2280700000
6963 NUP133	NUP133	Q8WUM0	1.1076e+11
6969 CACTIN	CACTIN	Q8WUQ7	6164200000
6973 BRK1	BRK1	Q8WUW1	3.4456e+10
6985 SNX33	SNX33	Q8WV41	4172900000
6993 LEO1	LEO1	Q8WVC0	3.6272e+10
7037 ARAP3	ARAP3	Q8WWN8	3.581e+09
7040 PHIP	PHIP	Q8WWQ0	1.1462e+10
7047 NELFB	NELFB	Q8WX92	2.5265e+10
7052 METTL21A	METTL21A	Q8WXB1	730800000
7060 MADD	MADD	Q8WXG6	7391800000
7061 SYNE2	SYNE2	Q8WXH0	1.2999e+10
7073 IFT81	IFT81	Q8WYA0	3641400000
7076 ING5	ING5	Q8WYH8	1.598e+09
7078 SSH1	SSH1	Q8WYL5	3152500000
7081 AHCTF1	AHCTF1	Q8WYP5	1.0327e+10
7084 TTN	TTN	Q8WZ42	9.6973e+10
7093 DDX1	DDX1	Q92499	5.3236e+11
7104 PSMF1	PSMF1	Q92530	4.5384e+10
7106 GBF1	GBF1	Q92538	9.7646e+10
7107 LPIN2	LPIN2	Q92539	7.543e+09
7108 SMG7	SMG7	Q92540	6514800000
7109 RTF1	RTF1	Q92541	6.2283e+10
7110 NCSTN	NCSTN	Q92542	9007400000
7114 IP6K1	IP6K1	Q92551	2557100000
7116 ELMO1	ELMO1	Q92556	1.7974e+10
7119 FIG4	FIG4	Q92562	4.834e+09
7123 PIK3R3	PIK3R3	Q92569	1267600000
7125 AP3S1	AP3S1	Q92572	3.8422e+10
7126 TSC1	TSC1	Q92574	2831300000
7129 SLC9A6	SLC9A6	Q92581	720170000
7131 NDRG1	NDRG1	Q92597	1.4959e+11
7132 HSPH1	HSPH1	Q92598	9.2457e+11
7133 HSPH1	HSPH1	Q92598	4195200000
7135 RQCD1	RQCD1	Q92600	2.6724e+10
7136 DOCK2	DOCK2	Q92608	2.3412e+10
7137 TBC1D5	TBC1D5	Q92609	4.2237e+10
7140 JADE3	JADE3	Q92613	2330900000
7147 DHX38	DHX38	Q92620	3.9674e+10
7148 NUP205	NUP205	Q92621	1.3611e+11
7153 PXDN	PXDN	Q92626	1.5595e+10
7160 SORL1	SORL1	Q92673	3931900000
7161 CENPI	CENPI	Q92674	638200000
7164 ANP32B	ANP32B	Q92688	2.8446e+11
7165 PVRL2	PVRL2	Q92692	2100400000
7171 HTRA1	HTRA1	Q92743	2.3332e+10
7172 ARPC1A	ARPC1A	Q92747	8.0075e+10
7174 GTF2H4	GTF2H4	Q92759	2.1259e+10
7177 HDAC2	HDAC2	Q92769	7.7732e+10
7184 CREBBP	CREBBP	Q92793	9558700000
7185 KAT6A	KAT6A	Q92794	7132900000
7186 DLG3	DLG3	Q92796	4.406e+09
7194 NRCAM	NRCAM	Q92823	4374900000
7196 KAT2A	KAT2A	Q92830	815660000
7197 RPGR	RPGR	Q92834	2.253e+09
7198 INPP5D	INPP5D	Q92835	9551400000
7200 BCL2L2	BCL2L2	Q92843	1.0515e+11
7201 TANK	TANK	Q92844	3359800000
7202 KIFAP3	KIFAP3	Q92845	5899600000
7203 CASP10	CASP10	Q92851	3015800000
7206 APBB2	APBB2	Q92870	5724700000
7207 PMM1	PMM1	Q92871	7701200000
7208 KLK6	KLK6	Q92876	5939300000
7209 RAD50	RAD50	Q92878	1.5094e+11
7210 CELF1	CELF1	Q92879	8.7669e+10
7213 ERCC4	ERCC4	Q92889	3740700000
7216 UPF1	UPF1	Q92900	3.7376e+11
7217 HPS1	HPS1	Q92902	2433400000
7222 SMARCC1	SMARCC1	Q92922	2.0831e+11
7226 BAD	BAD	Q92934	1.4929e+10
7228 GCDH	GCDH	Q92947	7925300000
7232 ARHGEF2	ARHGEF2	Q92974	1.1732e+11
7233 EMG1	EMG1	Q92979	4.3198e+10
7236 CLP1	CLP1	Q92989	5081400000
7237 GLMN	GLMN	Q92990	1.3497e+10
7238 KAT5	KAT5	Q92993	517240000
7240 USP13	USP13	Q92995	1.3587e+10
7241 DVL3	DVL3	Q92997	2746300000
7242 USP9X	USP9X	Q93008	1.3699e+11
7243 USP7	USP7	Q93009	2.5225e+11
7245 CUL5	CUL5	Q93034	5.19e+10
7246 STMN2	STMN2	Q93045	1.789e+11
7247 ATP6V0A1	ATP6V0A1	Q93050	6.831e+09
7249 RBPMS	RBPMS	Q93062	1.568e+10
7251 MED12	MED12	Q93074	7.978e+09
7256 PTP4A1	PTP4A1	Q93096	1150400000
7258 PHKB	PHKB	Q93100	1.0871e+10
7269 RFK	RFK	Q969G6	9989700000
7273 MYDGF	MYDGF	Q969H8	1.4102e+11
7290 ZNF622	ZNF622	Q969S3	4.0112e+10
7300 MKL1	MKL1	Q969V6	2236800000
7311 FAM162A	FAM162A	Q96A26	3468400000
7312 CCDC47	CCDC47	Q96A33	7917400000
7324 FERMT2	FERMT2	Q96AC1	9.0064e+10
7325 PNPLA2	PNPLA2	Q96AD5	2985300000
7334 ACD	ACD	Q96AP0	2022400000
7345 ISG20	ISG20	Q96AZ6	6702700000
7346 RAD51AP1	RAD51AP1	Q96B01	2438100000
7351 AKT1S1	AKT1S1	Q96B36	1.8715e+10
7366 AIDA	AIDA	Q96BJ3	8228300000
7369 PINX1	PINX1	Q96BK5	5703100000
7371 TADA1	TADA1	Q96BN2	637210000
7372 OTULIN	OTULIN	Q96BN8	1.1987e+10
7378 ALKBH8	ALKBH8	Q96BT7	6743300000
7380 UPRT	UPRT	Q96BW1	1469800000
7382 TAMM41	TAMM41	Q96BW9	2338300000
7385 ATG2B	ATG2B	Q96BY7	5449600000
7387 TBC1D20	TBC1D20	Q96BZ9	1.897e+09
7394 SYTL4	SYTL4	Q96C24	9.445e+09
7405 NSUN4	NSUN4	Q96CB9	2021900000
7407 PPCDC	PPCDC	Q96CD2	7934600000
7410 CTHRC1	CTHRC1	Q96CG8	6693900000
7425 OPTN	OPTN	Q96CV9	5.5039e+10
7426 AP2M1	AP2M1	Q96CW1	1.1204e+11
7444 NUDT16	NUDT16	Q96DE0	1.1017e+10
7452 ATG4C	ATG4C	Q96DT6	1765800000
7468 ELP4	ELP4	Q96EB1	8504700000
7469 SIRT1	SIRT1	Q96EB6	1.1615e+10
7473 SEH1L	SEH1L	Q96EE3	5.4586e+10
7479 GNPNAT1	GNPNAT1	Q96EK6	6.7843e+10
7485 MOCOS	MOCOS	Q96EN8	9622400000
7487 RNF31	RNF31	Q96EP0	1.173e+10
7493 CCDC101	CCDC101	Q96ES7	5993100000
7498 DTNBP1	DTNBP1	Q96EV8	1.1381e+10
7503 DNAJA3	DNAJA3	Q96EY1	2.5822e+10
7509 MCRS1	MCRS1	Q96EZ8	4048800000
7514 TRIM11	TRIM11	Q96F44	1.0977e+10
7523 DDX11	DDX11	Q96FC9	2322400000
7528 DYNLL2	DYNLL2	Q96FJ2	7.8305e+10
7534 SIPA1	SIPA1	Q96FS4	1.6361e+10
7537 THOC1	THOC1	Q96FV9	3.4044e+10
7540 TRMT61A	TRMT61A	Q96FX7	4.3737e+10
7543 BICD1	BICD1	Q96G01	6826600000
7544 PGM2	PGM2	Q96G03	1.4736e+11
7545 EEF2KMT	EEF2KMT	Q96G04	1654600000
7552 OTUD5	OTUD5	Q96G74	3323300000
7558 PDXP	PDXP	Q96GD0	1.5507e+10
7559 AURKB	AURKB	Q96GD4	1.1177e+10
7580 APIP	APIP	Q96GX9	1.6954e+10
7584 CENPN	CENPN	Q96H22	881910000
7589 POM121	POM121	Q96HA1	4690200000
7590 TONSL	TONSL	Q96HA7	9058200000
7596 ERO1L	ERO1L	Q96HE7	1.8474e+11
7601 AHCYL2	AHCYL2	Q96HN2	4926700000
7607 NAF1	NAF1	Q96HR8	2203900000
7622 AJUBA	AJUBA	Q96IF1	8105700000
7624 GMPPA	GMPPA	Q96IJ6	2.5486e+10
7637 PAWR	PAWR	Q96IZ0	7.3004e+10
7639 METTL2A	METTL2A	Q96IZ6	1857900000
7641 THOC3	THOC3	Q96J01	4.2109e+10
7643 ITCH	ITCH	Q96J02	3.0119e+10
7650 COG3	COG3	Q96JB2	2.0552e+10
7652 CDK5RAP3	CDK5RAP3	Q96JB5	4.9213e+10
7679 USP47	USP47	Q96K76	6.2413e+10
7683 PBK	PBK	Q96KB5	1.1006e+11
7691 CNDP2	CNDP2	Q96KP4	3.7051e+11
7694 EHMT2	EHMT2	Q96KQ7	1.3758e+10
7701 NSD1	NSD1	Q96L73	7769500000
7702 EP400	EP400	Q96L91	8358900000
7704 KIF16B	KIF16B	Q96L93	4999600000
7707 IFT74	IFT74	Q96LB3	7604400000
7713 UBE2E2;UBE2E1	UBE2E1	Q96LR5	2.1745e+10
7727 NSMCE2	NSMCE2	Q96MF7	5606100000
7750 DOCK7	DOCK7	Q96N67	8.4522e+10
7753 FOPNL	FOPNL	Q96NB1	1951300000
7780 AP1S3	AP1S3	Q96PC3	1555600000
7784 INPP4A	INPP4A	Q96PE3	4116100000
7786 RBM14	RBM14	Q96PK6	3.9521e+11
7788 RCHY1	RCHY1	Q96PM5	7.672e+09
7796 NEDD4L	NEDD4L	Q96PU5	2.3258e+10
7799 QKI	QKI	Q96PU8	4.5036e+10
7805 NEK1	NEK1	Q96PY6	1328100000
7807 FAM111A	FAM111A	Q96PZ2	5251800000
7812 SMG1	SMG1	Q96Q15	2.3365e+10
7813 ALS2	ALS2	Q96Q42	4195700000
7820 DLC1	DLC1	Q96QB1	2312200000
7823 SLC38A2	SLC38A2	Q96QD8	4333400000
7824 FYTTD1	FYTTD1	Q96QD9	4718100000
7845 PASK	PASK	Q96RG2	2858100000
7848 UIMC1	UIMC1	Q96RL1	8237800000
7849 VPS13A	VPS13A	Q96RL7	1.4551e+10
7853 MCCC1	MCCC1	Q96RQ3	9031100000
7862 USP28	USP28	Q96RU2	6.222e+09
7882 MYADM	MYADM	Q96S97	1551100000
7883 PLEKHF1	PLEKHF1	Q96S99	6788100000
7884 PPP1R9B	PPP1R9B	Q96SB3	2.7029e+10
7885 SRPK1	SRPK1	Q96SB4	1.0314e+11
7886 SMC6	SMC6	Q96SB8	1.0907e+10
7892 CDK5RAP2	CDK5RAP2	Q96SN8	1.2326e+10
7894 IWS1	IWS1	Q96ST2	3.2611e+10
7895 SIN3A	SIN3A	Q96ST3	4.3791e+10
7897 CRBN	CRBN	Q96SW2	3059500000
7900 CDK5RAP1	CDK5RAP1	Q96SZ6	1572100000
7903 RSF1	RSF1	Q96T23	4.4567e+10
7904 RBM15	RBM15	Q96T37	5.5652e+10
7910 UHRF1	UHRF1	Q96T88	9.3416e+10
7913 RMDN3	RMDN3	Q96TC7	5226500000
7921 PSMB7	PSMB7	Q99436	1.792e+11
7922 CNN2	CNN2	Q99439	3.1767e+11
7923 SEC62	SEC62	Q99442	3593900000
7924 PCYT2	PCYT2	Q99447	4.3652e+10
7927 PSMD1	PSMD1	Q99460	4.6014e+11
7933 PARK7	PARK7	Q99497	1.1791e+12
7934 GAS2L1	GAS2L1	Q99501	625600000
7935 EYA3	EYA3	Q99504	8462300000
7936 NEU1	NEU1	Q99519	1.2283e+10
7937 SORT1	SORT1	Q99523	8400700000
7939 LGMN	LGMN	Q99538	3.5778e+10
7941 DNAJC2	DNAJC2	Q99543	3.3008e+10
7945 NUP88	NUP88	Q99567	6.2837e+10
7946 PKP4	PKP4	Q99569	3221800000
7947 PIK3R4	PIK3R4	Q99570	3.0878e+10
7953 S100A13	S100A13	Q99584	1.7432e+11
7965 PHB2	PHB2	Q99623	2.8261e+11
7968 RAD9A	RAD9A	Q99638	2083500000
7971 CHP1	CHP1	Q99653	4849800000
7972 KIF2C	KIF2C	Q99661	3.2969e+10
7978 MGLL	MGLL	Q99685	1.7185e+10
7980 LYST	LYST	Q99698	5227200000
7981 ATXN2	ATXN2	Q99700	6.4887e+10
7983 MTR	MTR	Q99707	2.422e+10
7985 HSD17B10	HSD17B10	Q99714	1.7733e+11
7987 SMAD5	SMAD5	Q99717	1.3946e+10
7990 BARD1	BARD1	Q99728	744930000
7996 PIP5K1A	PIP5K1A	Q99755	1.1695e+10
7997 TXN2	TXN2	Q99757	1.584e+10
7998 MAP3K3	MAP3K3	Q99759	1902800000
8010 TSG101	TSG101	Q99816	6.2414e+10
8012 CPNE1	CPNE1	Q99829	1.5017e+11
8014 MYD88	MYD88	Q99836	1.0176e+10
8019 PRMT1	PRMT1	Q99873	4.1939e+11
8028 DUSP9	DUSP9	Q99956	1625300000
8030 PKP2	PKP2	Q99959	2.6136e+10
8034 CITED2	CITED2	Q99967	638060000
8038 VRK1	VRK1	Q99986	4.4529e+10
8039 GDF15	GDF15	Q99988	3.6348e+10
8041 AKAP9	AKAP9	Q99996	7.2497e+10
8047 ARPC5L	ARPC5L	Q9BPX5	5.2364e+10
8048 MICU1	MICU1	Q9BPX6	2908800000
8052 PAIP2	PAIP2	Q9BPZ3	1.4458e+10
8053 MAPKAP1	MAPKAP1	Q9BPZ7	1818200000
8069 KLHDC3	KLHDC3	Q9BQ90	621530000
8077 APOL2	APOL2	Q9BQE5	3.0594e+10
8079 MYBBP1A	MYBBP1A	Q9BQG0	1.6976e+11
8086 LPIN3	LPIN3	Q9BQK8	2455300000
8095 CORO1B	CORO1B	Q9BR76	2.6609e+11
8099 BUD13	BUD13	Q9BRD0	1.0897e+10
8107 LZTS2	LZTS2	Q9BRK4	1907700000
8113 PYGO2	PYGO2	Q9BRQ0	3981700000
8124 UQCC2	UQCC2	Q9BRT2	4220700000
8135 TRIM56	TRIM56	Q9BRZ2	3.2886e+10
8136 CENPK	CENPK	Q9BS16	1692900000
8151 TINF2	TINF2	Q9BSI4	1272900000
8160 CCM2	CCM2	Q9BSQ5	2837100000
8174 INPP5K	INPP5K	Q9BT40	3959100000
8180 WAC	WAC	Q9BTA9	2.1843e+10
8186 DCTN5	DCTN5	Q9BTE1	3853700000
8198 PI4K2A	PI4K2A	Q9BTU6	3909600000
8202 TBCD	TBCD	Q9BTW9	1.0793e+11
8208 THTPA	THTPA	Q9BU02	6080300000
8215 DOHH	DOHH	Q9BU89	3.7583e+10
8226 POLR3C	POLR3C	Q9BUI4	1.2774e+10
8231 PDCD10	PDCD10	Q9BUL8	5.4424e+10
8241 BDH2	BDH2	Q9BUT1	9217400000
8245 TRAF4	TRAF4	Q9BUZ4	2067900000
8247 MRI1	MRI1	Q9BV20	4.6864e+10
8255 VAMP8	VAMP8	Q9BV40	7.977e+09
8259 CEP250	CEP250	Q9BV73	2.0184e+10
8261 NTMT1	NTMT1	Q9BV86	3.7336e+10
8263 KATNB1	KATNB1	Q9BVA0	6925500000
8266 MLST8	MLST8	Q9BVC4	1.1537e+10
8269 TMEM109	TMEM109	Q9BVC6	1740300000
8272 KIFC3	KIFC3	Q9BVG8	9575400000
8281 NUPL1	NUPL1	Q9BVL2	3.4989e+10
8283 DPCD	DPCD	Q9BVM2	6.623e+09
8292 TIPIN	TIPIN	Q9BVW5	8372100000
8295 NUP85	NUP85	Q9BW27	6.7228e+10
8305 NUDT9	NUDT9	Q9BW91	1.8921e+10
8311 RBM4	RBM4	Q9BWF3	1.6738e+11
8334 SORBS1	SORBS1	Q9BX66	1.1568e+10
8352 BCL2L13	BCL2L13	Q9BXK5	2664700000
8355 CARD11	CARD11	Q9BXL7	3124700000
8360 QTRT1	QTRT1	Q9BXR0	1.6872e+10
8362 AP1M1	AP1M1	Q9BXS5	8.4012e+10
8363 NUSAP1	NUSAP1	Q9BXS6	6165300000
8365 TDRD1	TDRD1	Q9BXT4	1.642e+10
8369 OSBPL1A	OSBPL1A	Q9BXW6	9.6084e+10
8375 ITPA	ITPA	Q9BY32	9.2452e+10
8378 CHMP4A	CHMP4A	Q9BY43	3.318e+10
8384 POLDIP3	POLDIP3	Q9BY77	4.4792e+10
8400 PARD6B	PARD6A	Q9BYG5	1.394e+10
8407 RBCK1	RBCK1	Q9BYM8	1.0971e+10
8416 SETD2	SETD2	Q9BYW2	1.4556e+10
8418 IFIH1	IFIH1	Q9BYX4	3788600000
8421 PANK2	PANK2	Q9BZ23	9939500000
8430 GTPBP4	GTPBP4	Q9BZE4	1.0642e+11
8434 UACA	UACA	Q9BZF9	6.709e+10
8435 RAB34	RAB34	Q9BZG1	2244400000
8438 UPF3B	UPF3B	Q9BZI7	6430600000
8446 PRKD2	CDKL2	Q9BZL6	9487800000
8450 EDEM3	EDEM3	Q9BZQ6	2988800000
8451 FAM129A	FAM129A	Q9BZQ8	6.0828e+10
8454 UCK2	UCK2	Q9BZX2	2.4516e+10
8468 TRIM5	TRIM5	Q9C035	9584900000
8479 TNKS1BP1	TNKS1BP1	Q9C0C2	1.5533e+11
8481 AMBRA1	AMBRA1	Q9C0C7	3088900000
8494 SRCIN1	SRCIN1	Q9C0H9	2685500000
8496 WDR33	WDR33	Q9C0J8	5.2201e+10
8501 WDR12	WDR12	Q9GZL7	1.0056e+11
8504 NDEL1	NDEL1	Q9GZM8	4173200000
8516 POLR1E	POLR1E	Q9GZS1	2.4981e+10
8517 WDR61	WDR61	Q9GZS3	7.3547e+10
8519 SRR	SRR	Q9GZT4	8208300000
8523 EGLN1	EGLN1	Q9GZT9	2.8592e+10
8525 ANKRD2	ANKRD2	Q9GZV1	3738500000
8526 EIF5A2	EIF5A2	Q9GZV4	7444200000
8527 WWTR1	WWTR1	Q9GZV5	5824900000
8531 MFF	MFF	Q9GZY8	4.535e+09
8532 NAA50	NAA50	Q9GZZ1	1.008e+11
8550 KLC2	KLC2	Q9H0B6	4.7606e+10
8555 TOLLIP	TOLLIP	Q9H0E2	1.6264e+10
8556 SAP130	SAP130	Q9H0E3	1.3892e+10
8557 BRD8	BRD8	Q9H0E9	1.0575e+10
8558 SHARPIN	SHARPIN	Q9H0F6	7318200000
8559 ARL6	ARL6	Q9H0F7	1547700000
8563 RACGAP1	RACGAP1	Q9H0H5	8116700000
8569 PCBD2	PCBD2	Q9H0N5	2916400000
8571 NT5C3A	NT5C3A	Q9H0P0	2.1665e+10
8583 MRPL18	MRPL18	Q9H0U6	6023100000
8591 RBM38	RBM38	Q9H0Z9	5.792e+09
8595 ING2	ING2	Q9H160	838240000
8599 ANAPC1	ANAPC1	Q9H1A4	3.5032e+10
8603 POLR3F	POLR3F	Q9H1D9	4077900000
8606 KIF13A	KIF13A	Q9H1H9	1.0483e+10
8616 ATG5	ATG5	Q9H1Y0	2.4828e+10
8622 EHD4	EHD4	Q9H223	9.6693e+10
8624 CARD9	CARD9	Q9H257	4.619e+09
8633 TRIOBP	TRIOBP	Q9H2D6	3.0298e+10
8634 EPC1	EPC1	Q9H2F5	2258400000
8642 PDCL3	PDCL3	Q9H2J4	5.4256e+10
8645 TAOK3	TAOK3	Q9H2K8	3.2389e+10
8652 DHX36	DHX36	Q9H2U1	5.4473e+10
8661 FOXP1	FOXP1	Q9H334	2776600000
8675 TXNIP	TXNIP	Q9H3M7	6659100000
8677 NELFA	NELFA	Q9H3P2	2.6708e+10
8679 CDC42EP4	CDC42EP4	Q9H3Q1	1.4176e+10
8682 CENPH	CENPH	Q9H3R5	5421600000
8683 TPK1	TPK1	Q9H3S4	3508900000
8684 PTPN23	PTPN23	Q9H3S7	6.1309e+10
8690 DNAJC5	DNAJC5	Q9H3Z4	3462700000
8693 CHMP4B	CHMP4B	Q9H444	9.5532e+10
8699 POFUT1	POFUT1	Q9H488	6.7691e+10
8707 GOLPH3	GOLPH3	Q9H4A6	1.861e+10
8708 OSGEPL1	OSGEPL1	Q9H4B0	712870000
8730 RNF41	RNF41	Q9H4P4	2395500000
8736 ALG2	ALG2	Q9H553	9.008e+09
8750 OBFC1	OBFC1	Q9H668	429360000
8760 C6orf106	C6orf106	Q9H6K1	1769500000
8769 NOL6	NOL6	Q9H6R4	4.0219e+10
8777 BCAS3	BCAS3	Q9H6U6	4082500000
8811 KAT8	KAT8	Q9H7Z6	7532400000
8814 PHAX	PHAX	Q9H814	3.8794e+10
8824 PRKRIP1	PRKRIP1	Q9H875	5.977e+09
8828 CSRP2BP	CSRP2BP	Q9H8E8	939300000
8837 AKTIP	AKTIP	Q9H8T0	2526200000
8839 ECT2	ECT2	Q9H8V3	2.2732e+10
8852 QTRTD1	QTRTD1	Q9H974	1.4383e+10
8856 ARMT1	ARMT1	Q9H993	5.4384e+10
8857 PANK3	PANK3	Q9H999	2322500000
8860 RMI1	RMI1	Q9H9A7	2671500000
8861 EHMT1	EHMT1	Q9H9B1	2.7731e+10
8866 AGO3	AGO3	Q9H9G7	1860500000
8870 USP42	USP42	Q9H9J4	718040000
8873 KANSL2	KANSL2	Q9H9L4	2735400000
8878 NHEJ1	NHEJ1	Q9H9Q4	7879300000
8881 ELP3	ELP3	Q9H9T3	1.5562e+10
8885 POLR1B	POLR1B	Q9H9Y6	3.0255e+10
8893 PPCS	PPCS	Q9HAB8	4.4797e+10
8896 MEAF6	MEAF6	Q9HAF1	5658800000
8899 NMNAT1	NMNAT1	Q9HAN9	1.5945e+10
8906 SMURF2	SMURF2	Q9HAU4	5465800000
8907 UPF2	UPF2	Q9HAU5	1.6403e+10
8909 XPO5	XPO5	Q9HAV4	1.1825e+11
8911 CLSPN	CLSPN	Q9HAW4	8031600000
8918 PLEKHA1	PLEKHA1	Q9HB21	6368300000
8923 CACYBP	CACYBP	Q9HB71	6.5938e+11
8924 RRAGC	RRAGC	Q9HB90	2.3941e+10
8927 PATZ1	PATZ1	Q9HBE1	2355400000
8929 IFT122	IFT122	Q9HBG6	1.2192e+10
8942 TAF9B	TAF9B	Q9HBM6	1.794e+09
8945 ETNK1	ETNK1	Q9HBU6	9902300000
8948 TMEM165	TMEM165	Q9HC07	5860600000
8949 APOBEC3G	APOBEC3F	Q9HC16	1866700000
8955 SENP2	SENP2	Q9HC62	842450000
8958 NEK6	NEK6	Q9HC98	2.784e+09
8960 MCCC2	MCCC2	Q9HCC0	4.12e+10
8965 MOV10	MOV10	Q9HCE1	9.8158e+10
8974 SYTL2	SYTL2	Q9HCH5	3.894e+09
8977 TNRC6C	TNRC6C	Q9HCJ0	1930900000
8980 CHD8	CHD8	Q9HCK8	1.8509e+10
8984 EPB41L5	EPB41L5	Q9HCM4	2536700000
8995 POLD4	POLD4	Q9HCU8	1002700000
9000 GOPC	GOPC	Q9HD26	5.3376e+10
9004 CHMP1A	CHMP1A	Q9HD42	2.6241e+10
9006 RANGRF	RANGRF	Q9HD47	3154900000
9025 ALG13	ALG13	Q9NP73	1.6349e+10
9029 PNPLA8	PNPLA8	Q9NP80	493430000
9035 MID1IP1	MID1IP1	Q9NPA3	3962800000
9036 ENY2	ENY2	Q9NPA8	4.595e+10
9037 GPCPD1	GPCPD1	Q9NPB8	3250100000
9039 EXOSC4	EXOSC4	Q9NPD3	3.1231e+10
9045 CHST11	CHST11	Q9NPF2	3849900000
9046 OSGEP	OSGEP	Q9NPF4	2.1913e+10
9047 DMAP1	DMAP1	Q9NPF5	4416400000
9050 ISYNA1	ISYNA1	Q9NPH2	7.4432e+10
9060 RIC8A	RIC8A	Q9NPQ8	7.4711e+10
9080 TCF7L2	TCF7L2	Q9NQB0	6569200000
9081 JADE2	JADE2	Q9NQC1	2340300000
9082 RTN4	RTN4	Q9NQC3	4.9424e+10
9083 CYLD	CYLD	Q9NQC7	2603200000
9084 IFT46	IFT46	Q9NQC8	838740000
9098 EXOSC5	EXOSC5	Q9NQT4	3.0849e+10
9099 EXOSC3	EXOSC3	Q9NQT5	3.3281e+10
9100 KIF13B	KIF13B	Q9NQT8	5.3312e+10
9107 GPHN	GPHN	Q9NQX3	6.2919e+10
9121 DIABLO	DIABLO	Q9NR28	2.9073e+10
9124 POLE4	POLE4	Q9NR33	5441200000
9125 NANS	NANS	Q9NR45	2.0395e+11
9127 ASH1L	ASH1L	Q9NR48	1.7338e+10
9130 MBNL1	MBNL1	Q9NR56	8.2054e+10
9140 PICK1	PICK1	Q9NRD5	1028600000
9141 SH2B1	SH2B1	Q9NRF2	1293100000
9142 CTPS2	CTPS2	Q9NRF8	3.0014e+10
9143 POLE3	POLE3	Q9NRF9	4.2658e+10
9146 SMYD2	SMYD2	Q9NRG4	7198500000
9148 AAAS	AAAS	Q9NRG9	3.6079e+10
9171 APOBEC3C	APOBEC3C	Q9NRW3	2.208e+10
9176 PHPT1	PHPT1	Q9NRX4	8.7304e+10
9177 SERINC1	SERINC1	Q9NRX5	2320400000
9179 ARHGAP35	ARHGAP35	Q9NRY4	3.5178e+10
9183 HELLS	HELLS	Q9NRZ9	1.98e+10
9185 LTBP3	LTBP3	Q9NS15	1801500000
9190 MBIP	MBIP	Q9NS73	1407400000
9192 KIF15	KIF15	Q9NS87	3.2923e+10
9193 RAD18	RAD18	Q9NS91	2.3765e+10
9207 CENPM	CENPM	Q9NSP4	5371900000
9247 BLOC1S4	BLOC1S4	Q9NUP1	8103400000
9248 TRMT13	TRMT13	Q9NUP7	3058900000
9249 LIN7C	LIN7C	Q9NUP9	5.6344e+10
9258 DDX19A	DDX19A	Q9NUU7	1.6005e+11
9262 POT1	POT1	Q9NUX5	1480500000
9264 ACOXL	ACOXL	Q9NUZ1	4687300000
9269 EXOC1	EXOC1	Q9NV70	2.415e+10
9278 PARVA	PARVA	Q9NVD7	6.6614e+10
9280 PANK4	PANK4	Q9NVE7	2.4883e+10
9286 INTS7	INTS7	Q9NVH2	2.2444e+10
9293 PRMT7	PRMT7	Q9NVM4	5.736e+09
9299 ASF1B	ASF1B	Q9NVP2	1.9255e+10
9303 DNAAF2	DNAAF2	Q9NVR5	4292900000
9306 PNPO	PNPO	Q9NVS9	6.562e+10
9308 POLR3E	POLR3E	Q9NVU0	1.1395e+10
9315 NLE1	NLE1	Q9NVX2	3.8548e+10
9319 POLR3B	POLR3B	Q9NW08	4869500000
9323 RBM22	RBM22	Q9NW64	4.9024e+10
9332 IFT57	IFT57	Q9NWB7	1954700000
9334 RNF216	RNF216	Q9NWF9	663070000
9340 FKBP14	FKBP14	Q9NWM8	1.0783e+10
9341 PAG1	PAG1	Q9NWQ8	2209400000
9353 BABAM1	BABAM1	Q9NWV8	1.1896e+10
9359 IRAK4	IRAK4	Q9NWZ3	6588200000
9360 UCKL1	UCKL1	Q9NWZ5	8949800000
9363 NLRP2	NLRP2	Q9NX02	1.6472e+10
9369 SDHAF2	SDHAF2	Q9NX18	2.518e+09
9382 IMPAD1	IMPAD1	Q9NX62	3513100000
9406 NDE1	NDE1	Q9NXR1	1.7302e+10
9408 BRE	BRE	Q9NXR7	2.2173e+10
9409 ING3	ING3	Q9NXR8	5.812e+09
9428 TERF2IP	TERF2IP	Q9NYB0	3.4292e+10
9439 TAB2	TAB2	Q9NYJ8	7.59e+09
9442 ZAK	ZAK	Q9NYL2	2.0321e+10
9443 ZAK	ZAK	Q9NYL2	2391700000
9445 TMOD3	TMOD3	Q9NYL9	2.3121e+11
9449 MIS18A	MIS18A	Q9NYP9	6129200000
9450 CELSR1	CELSR1	Q9NYQ6	4495300000
9456 UGGT2	UGGT2	Q9NYU1	5.491e+09
9457 UGGT1	UGGT1	Q9NYU2	1.8362e+11
9459 RRN3	RRN3	Q9NYV6	2404200000
9461 GTSE1	GTSE1	Q9NYZ3	6110400000
9462 TECR	TECR	Q9NZ01	3241500000
9470 FMN2	FMN2	Q9NZ56	1099700000
9487 IGF2BP1	CDSN	Q9NZI8	6.9846e+10
9488 DTL	DTL	Q9NZJ0	2643200000
9492 MTCH1	MTCH1	Q9NZJ7	4517500000
9496 HSPBP1	HSPBP1	Q9NZL4	5.7397e+10
9499 MAT2B	MAT2B	Q9NZL9	1.4074e+11
9501 MYOF	MYOF	Q9NZM1	1.1288e+11
9514 TMOD2	TMOD2	Q9NZR1	2642600000
9521 CHMP5	CHMP5	Q9NZZ3	3.4778e+10
9530 HACD3	HACD3	Q9P035	2557500000
9534 NDUFA13	NDUFA13	Q9P0J0	5995900000
9540 VAPA	VAPA	Q9P0L0	3.1147e+10
9543 H2AFY2	H2AFY2	Q9P0M6	6.8802e+10
9552 SENP1	SENP1	Q9P0U3	3.604e+09
9553 CXXC1	CXXC1	Q9P0U4	1.0029e+10
9554 SH3BP4	SH3BP4	Q9P0V3	9450300000
9560 GMIP	GMIP	Q9P107	9290100000
9568 CAMSAP3	CAMSAP3	Q9P1Y5	6664300000
9578 STIM2	STIM2	Q9P246	2476700000
9580 RCC2	RCC2	Q9P258	3.4831e+11
9585 SLAIN2	SLAIN2	Q9P270	2.3451e+10
9598 IBTK	IBTK	Q9P2D0	3682900000
9599 CHD7	CHD7	Q9P2D1	2230900000
9611 CPSF2	CPSF2	Q9P2I0	7.1396e+10
9622 EIF2AK4	EIF2AK4	Q9P2K8	1.5599e+10
9625 CGN	CGN	Q9P2M7	4.1488e+10
9628 KANSL3	KANSL3	Q9P2N6	1658800000
9632 ANKFY1	ANKFY1	Q9P2R3	7.9436e+10
9637 GMPR2	GMPR2	Q9P2T1	4.5358e+10
9640 DPM3	DPM3	Q9P2X0	942030000
9643 UVRAG	UVRAG	Q9P2Y5	2672900000
9646 MBD2	MBD2	Q9UBB5	8854300000
9657 COPG2	COPG2	Q9UBF2	7.0894e+10
9659 PI4KB	PI4KB	Q9UBF8	1.4327e+10
9665 GNG12	GNG12	Q9UBI6	1.2488e+10
9668 MTRR	MTRR	Q9UBK8	9530100000
9671 ASH2L	ASH2L	Q9UBL3	2.7376e+10
9674 HDAC6	HDAC6	Q9UBN7	2.3452e+10
9675 SPAST	SPAST	Q9UBP0	6881100000
9677 METTL1	METTL1	Q9UBP6	2.6322e+10
9683 RPS6KB2	RPS6KB2	Q9UBS0	1363900000
9685 DNAJB11	DNAJB11	Q9UBS4	9.94e+10
9691 MORF4L1	MORF4L1	Q9UBU8	1.5482e+10
9692 NXF1	NXF1	Q9UBU9	1.008e+11
9705 AASS	AASS	Q9UDR5	2077100000
9714 MALT1	MALT1	Q9UDY8	1.478e+10
9719 DAXX	DAXX	Q9UER7	1.5352e+10
9720 FTSJ1	FTSJ1	Q9UET6	8470400000
9722 STK39	STK39	Q9UEW8	2.8461e+10
9727 CNOT8	CNOT8	Q9UFF9	3545500000
9731 IFT172	IFT172	Q9UG01	4741400000
9732 PISD	PISD	Q9UG56	4.066e+09
9738 PRKAG2	PRKAG2	Q9UGJ0	1.0423e+10
9746 LIMD1	LIMD1	Q9UGP4	2.8787e+10
9748 SEC63	SEC63	Q9UGP8	2617300000
9754 NDRG3	NDRG3	Q9UGV2	7.129e+10
9758 APOBEC3B	APOBEC3A	Q9UH17	1.852e+10
9769 LIMA1	LIMA1	Q9UHB6	3.6955e+11
9771 SRP68	SRP68	Q9UHB9	1.7024e+11
9773 CHORDC1	CHORDC1	Q9UHD1	3.6681e+11
9774 TBK1	TBK1	Q9UHD2	2.6295e+10
9780 TRPS1	TRPS1	Q9UHF7	9657500000
9787 SHPK	SHPK	Q9UHJ6	2.2387e+10
9800 BAIAP2L1	BAIAP2L1	Q9UHR4	4.5436e+10
9811 ENOPH1	ENOPH1	Q9UHY7	3.5543e+10
9813 	EVL	Q9UI08	1.7541e+10
9815 EIF2B4	EIF2B4	Q9UI10	3.9477e+10
9817 ATP6V1H	ATP6V1H	Q9UI12	5.9285e+10
9825 FTSJ2	FTSJ2	Q9UI43	1.077e+09
9827 MAD2L2	MAD2L2	Q9UI95	1885200000
9828 XPO7	XPO7	Q9UIA9	1.0795e+11
9830 LCMT1	LCMT1	Q9UIC8	1.2992e+10
9833 BAZ2A	BAZ2A	Q9UIF9	7976700000
9835 ATPIF1	ATPIF1	Q9UII2	5456600000
9836 HERC5	HERC5	Q9UII4	5669700000
9837 AK3	AK3	Q9UIJ7	4.3016e+10
9841 LNPEP	LNPEP	Q9UIQ6	8549400000
9843 SIX4	SIX4	Q9UIU6	5558500000
9844 CNOT7	CNOT7	Q9UIV1	8134700000
9845 PLXNA1	PLXNA1	Q9UIW2	4.7847e+10
9848 RABGEF1	RABGEF1	Q9UJ41	1.4414e+10
9852 HACL1	HACL1	Q9UJ83	1.0336e+10
9854 MCM8	MCM8	Q9UJA3	751010000
9855 TRMT6	TRMT6	Q9UJA5	5.0082e+10
9859 RASAL2	RASAL2	Q9UJF2	1.6513e+10
9864 SLC25A13	SLC25A13	Q9UJS0	7.418e+09
9868 DBNL	DBNL	Q9UJU6	1.4822e+10
9869 DBNL	DBNL	Q9UJU6	1.8759e+11
9870 DDX41	DDX41	Q9UJV9	3.9721e+10
9871 DCTN4	DCTN4	Q9UJW0	3.4011e+10
9873 CDC23	CDC23	Q9UJX2	2.2326e+10
9874 ANAPC7	ANAPC7	Q9UJX3	5.1504e+10
9875 ANAPC5	ANAPC5	Q9UJX4	1.9968e+10
9876 ANAPC4	ANAPC4	Q9UJX5	9357600000
9877 ANAPC2	ANAPC2	Q9UJX6	8.296e+09
9881 STOML2	STOML2	Q9UJZ1	7.7381e+10
9886 VPS28	VPS28	Q9UK41	3.5766e+10
9888 ING1	ING1	Q9UK53	1.969e+09
9892 FEM1B	FEM1B	Q9UK73	2171300000
9900 FBXW11	FBXW11	Q9UKB1	4442400000
9905 TNIK	TNIK	Q9UKE5	1.6622e+10
9907 CPSF3	CPSF3	Q9UKF6	8.0459e+10
9910 CROT	CROT	Q9UKG9	5913900000
9911 CDC42EP3	CDC42EP3	Q9UKI2	7414800000
9915 NXT1	NXT1	Q9UKK6	1491300000
9920 MAN1B1	MAN1B1	Q9UKM7	2087400000
9922 GTF3C4	GTF3C4	Q9UKN8	4.3175e+10
9923 PACSIN3	PACSIN3	Q9UKS6	2.056e+10
9926 FBXO4	FBXO4	Q9UKT5	2.216e+09
9932 HDAC9	HDAC9	Q9UKV0	3181600000
9933 ACIN1	ACIN1	Q9UKV3	2.778e+11
9936 AGO2	AGO2	Q9UKV8	4.5473e+10
9941 NUP50	NUP50	Q9UKX7	1.0633e+11
9949 BAG5	BAG5	Q9UL15	1.9547e+10
9950 AGO1	AGO1	Q9UL18	1.0302e+10
9958 BLOC1S6	BLOC1S6	Q9UL45	1480600000
9959 PSME2	PSME2	Q9UL46	2.7178e+11
9960 TAOK2	TAOK2	Q9UL54	2531700000
9963 RAB23	RAB23	Q9ULC3	1379900000
9969 BRPF3	BRPF3	Q9ULD4	4456900000
9975 KIDINS220	KIDINS220	Q9ULH0	2.727e+09
9977 MKL2	MKL2	Q9ULH7	2.138e+10
9983 ZMIZ1	ZMIZ1	Q9ULJ6	1.0438e+10
9990 YEATS2	YEATS2	Q9ULM3	8908900000
9993 NDRG4	NDRG4	Q9ULP0	8036600000
10010 CORO1C	CORO1C	Q9ULV4	4.9211e+11
10020 PYCARD	PYCARD	Q9ULZ3	4.2634e+10
10024 ANAPC10	ANAPC10	Q9UM13	2.372e+09
10027 MYO6	MYO6	Q9UM54	1.0838e+11
10029 KMT2B	KMT2B	Q9UMN6	1.5621e+10
10030 DDX19B	DDX19B	Q9UMR2	2645700000
10034 PRPF19	PRPF19	Q9UMS4	3.6496e+11
10037 UBQLN1	UBQLN1	Q9UMX0	7.5739e+10
10038 SUFU	SUFU	Q9UMX1	1099100000
10045 VPS4A	VPS4A	Q9UN37	4.5884e+10
10049 G3BP2	G3BP2	Q9UN86	2.5983e+11
10052 STUB1	STUB1	Q9UNE7	7.9096e+10
10061 ING4	ING4	Q9UNL4	869680000
10062 PSMD13	PSMD13	Q9UNM6	3.6879e+11
10063 FAF1	FAF1	Q9UNN5	4.734e+10
10067 TIMELESS	TIMELESS	Q9UNS1	1.9284e+10
10068 COPS3	COPS3	Q9UNS2	1.1677e+11
10071 RPL26L1	RPL26L1	Q9UNX3	1.1087e+10
10081 MACF1	MACF1	Q9UPN3	4.9809e+11
10082 MACF1	MACF1	Q9UPN3	1.4185e+10
10084 CEP131	CEP131	Q9UPN4	2.1435e+10
10097 TNRC6B	TNRC6B	Q9UPQ9	1.7208e+10
10099 SMG5	SMG5	Q9UPR3	9352600000
10107 USP22	USP22	Q9UPT9	1.2168e+10
10117 DICER1	DICER1	Q9UPY3	2.1555e+10
10125 SHOC2	SHOC2	Q9UQ13	1.1893e+10
10134 BAIAP2	BAIAP2	Q9UQB8	7.25e+10
10136 GAB2	GAB2	Q9UQC2	1813800000
10137 SMC3	SMC3	Q9UQE7	2.9502e+11
10140 CHMP2B	CHMP2B	Q9UQN3	1.0528e+10
10145 MTMR6	MTMR6	Q9Y217	1.1394e+10
10148 GNE	GNE	Q9Y223	4.6515e+10
10150 C14orf166	C14orf166	Q9Y224	2.5282e+11
10152 RUVBL2	RUVBL2	Q9Y230	5.1521e+11
10164 HPSE	HPSE	Q9Y251	9.166e+09
10167 CHKB	CHKB	Q9Y259	1247100000
10171 RUVBL1	RUVBL1	Q9Y265	5.227e+11
10175 CFL2	CFL2	Q9Y281	1.0452e+11
10182 ASF1A	ASF1A	Q9Y294	1.1245e+10
10186 NCKAP1	NCKAP1	Q9Y2A7	1.1119e+11
10195 SSX2IP	SSX2IP	Q9Y2D8	3411100000
10199 CARD8	CARD8	Q9Y2G2	765320000
10208 INPP5F	INPP5F	Q9Y2H2	2.6284e+10
10211 NISCH	NISCH	Q9Y2I1	7635900000
10212 PIKFYVE	PIKFYVE	Q9Y2I7	8408600000
10217 EPB41L3	EPB41L3	Q9Y2J2	3.5284e+10
10220 PADI2	PADI2	Q9Y2J8	9077900000
10221 ZBTB1	ZBTB1	Q9Y2K1	477990000
10240 POLR1D	POLR1D	Q9Y2S0	1.766e+10
10246 GDA	GDA	Q9Y2T3	4.7106e+10
10249 MAP3K2	MAP3K2	Q9Y2U5	5876300000
10257 TDRKH	TDRKH	Q9Y2W6	695170000
10260 NOP58	NOP58	Q9Y2X3	1.9616e+11
10263 ARL2BP	ARL2BP	Q9Y2Y0	1.3962e+10
10284 SH3GLB1	SH3GLB1	Q9Y371	6.352e+10
10286 CAB39	CAB39	Q9Y376	9.885e+10
10293 UTP11L	UTP11L	Q9Y3A2	6994900000
10296 SBDS	SBDS	Q9Y3A5	1.681e+11
10317 FIS1	FIS1	Q9Y3D6	2.661e+10
10325 STRAP	STRAP	Q9Y3F4	4.3824e+11
10326 RTCB	RTCB	Q9Y3I0	4.2251e+11
10327 FBXO7	FBXO7	Q9Y3I1	1.2634e+10
10329 RAP2C	RAP2C	Q9Y3L5	2694400000
10339 WNK2	WNK2	Q9Y3S1	4613700000
10342 NOC2L	NOC2L	Q9Y3T9	8.1751e+10
10343 RPL36	RPL36	Q9Y3U8	3.6677e+11
10345 CHTOP	CHTOP	Q9Y3Y2	4.6157e+10
10346 SAMHD1	SAMHD1	Q9Y3Z3	7.3876e+10
10354 PRKAB1	PRKAB1	Q9Y478	1.4869e+10
10355 MTF2	MTF2	Q9Y483	2789300000
10356 WDR45	WDR45	Q9Y484	2758300000
10359 TLN1	TLN1	Q9Y490	1.9186e+12
10360 KIF3A	KIF3A	Q9Y496	1.3129e+10
10361 TRRAP	TRRAP	Q9Y4A5	7.7169e+10
10363 MTCL1	MTCL1	Q9Y4B5	3.21e+10
10367 TCAF1	TCAF1	Q9Y4C2	1.9939e+10
10376 USP15	USP15	Q9Y4E8	9.1674e+10
10377 FARP1	FARP1	Q9Y4F1	2658500000
10383 TLN2	TLN2	Q9Y4G6	2.7644e+10
10384 RAPGEF2	RAPGEF2	Q9Y4G8	3.093e+09
10385 IRS2	IRS2	Q9Y4H2	1.5448e+10
10388 MYO5A	MYO5A	Q9Y4I1	2.0844e+11
10391 LOXL2	LOXL2	Q9Y4K0	2.6765e+10
10393 TRAF6	TRAF6	Q9Y4K3	4.985e+09
10394 MAP4K5	MAP4K5	Q9Y4K4	1.2622e+10
10395 HYOU1	HYOU1	Q9Y4L1	6.8829e+11
10397 ATG4B	ATG4B	Q9Y4P1	1.5581e+10
10398 TBL2	TBL2	Q9Y4P3	4162600000
10400 WIPI2	WIPI2	Q9Y4P8	1.1028e+10
10413 POLR3H	POLR3H	Q9Y535	1465900000
10428 NUB1	NUB1	Q9Y5A7	2.4036e+10
10430 CTDP1	CTDP1	Q9Y5B0	2.0632e+10
10432 NME7	NME7	Q9Y5B8	1.7104e+10
10433 SUPT16H	SUPT16H	Q9Y5B9	3.8299e+11
10443 UCHL5	UCHL5	Q9Y5K5	1.1075e+11
10445 ATP6V1D	ATP6V1D	Q9Y5K8	1.7507e+10
10448 SRPRB	SRPRB	Q9Y5M8	4459700000
10449 N6AMT1	N6AMT1	Q9Y5N5	5239100000
10451 COL4A3BP	COL4A3BP	Q9Y5P4	4.2987e+10
10452 GMPPB	GMPPB	Q9Y5P6	4.9473e+10
10458 RBM8A	RBM8A	Q9Y5S9	1.8942e+11
10460 USP16	USP16	Q9Y5T5	1.115e+10
10466 MAGED1	MAGED1	Q9Y5V3	1.7725e+10
10469 SNX9	SNX9	Q9Y5X1	4.2902e+10
10486 PSAT1	PSAT1	Q9Y617	4.4263e+11
10490 F11R	F11R	Q9Y624	3787700000
10492 NPTN	NPTN	Q9Y639	2062300000
10494 GPR56	GPR56	Q9Y653	1.1264e+10
10505 CLIC4	CLIC4	Q9Y696	5.1715e+11
10506 NFS1	NFS1	Q9Y697	1.1351e+10
10507 CFAP20	CFAP20	Q9Y6A4	1.8706e+10
10508 TACC3	TACC3	Q9Y6A5	5.5259e+10
10510 SAR1B	SAR1B	Q9Y6B6	2.7619e+10
10516 ARFGEF1	ARFGEF1	Q9Y6D6	5.665e+10
10518 STK24	STK24	Q9Y6E0	8.9371e+10
10526 EPN1	EPN1	Q9Y6I3	3.6565e+10
10530 TAF6L	TAF6L	Q9Y6J9	4746800000
10531 DNMT3A	DNMT3A	Q9Y6K1	4064800000
10532 OAS3	OAS3	Q9Y6K5	4.2501e+10
10533 AK5	AK5	Q9Y6K8	2655900000
10534 IKBKG	IKBKG	Q9Y6K9	1.8664e+10
10536 IGF2BP2	IGF2BP2	Q9Y6M1	1.2909e+11
10540 SLC4A7	SLC4A7	Q9Y6M7	1.0953e+10
10550 NCOA3	NCOA3	Q9Y6Q9	7090100000
10551 NUMBL	NUMBL	Q9Y6R0	2.697e+10
10553 MAP3K4	MAP3K4	Q9Y6R4	6045800000
10555 SCIN	SCIN	Q9Y6U3	2.724e+10
10556 SCIN	SCIN	Q9Y6U3	1759100000
10560 WASF2	WASF2	Q9Y6W5	2.8021e+10
10564 ENPP4	ENPP4	Q9Y6X5	1.866e+09
